{"benchmark_W_mean_train": [[1000.0, 1011.6343484512128, 1023.7032280114772, 1036.45939440461, 1049.4975285682194, 1063.9660187336663, 1079.211650455521, 1094.9875012363482, 1111.6145268044822, 1129.0576232897763, 1147.7330854848565, 1167.262542830048, 1187.9351940493996, 1175.7655207616137, 1163.3055809278526, 1150.8313320913946, 1138.442088066578, 1125.619036485016, 1112.2981062786148, 1098.8080685656175, 1085.4006965700853, 1071.4419269521618, 1056.4404439657574, 1041.47809678356, 1026.4417004691309, 1010.4329810144087, 994.3846767901812, 977.618648587687, 960.444745633613, 943.1061364726428, 885.7020923209269]], "benchmark_W_std_train": [[0.0, 95.76011344936919, 140.72168485351887, 178.54218631437743, 213.65348032965855, 247.73048051559957, 281.8388184528831, 315.52449962785175, 349.93316815347544, 385.96041516697386, 423.1150858625556, 461.81942395786365, 502.21106816564054, 526.2731646473029, 550.7877434501972, 576.2104541253109, 602.3096700883704, 628.1450806287818, 654.3326486054444, 680.6376714502115, 708.3156554267158, 734.907417583232, 761.6740139814783, 789.1518692599008, 817.7387104045999, 845.3310406859523, 873.9623081867074, 903.0442354763805, 932.1709210750765, 962.0992554686776, 994.0274937463563]], "benchmark_W_mean_train_post_withdraw": [[960.0, 971.6343484512128, 983.7032280114772, 996.4593944046102, 1009.4975285682194, 1023.9660187336661, 1039.211650455521, 1054.987501236348, 1071.614526804482, 1089.0576232897763, 1107.7330854848565, 1127.2625428300476, 1147.9351940493996, 1135.7655207616135, 1123.3055809278526, 1110.8313320913949, 1098.442088066578, 1085.619036485016, 1072.298106278615, 1058.8080685656175, 1045.4006965700853, 1031.4419269521618, 1016.4404439657569, 1001.4780967835601, 986.4417004691306, 970.4329810144087, 954.3846767901812, 937.6186485876871, 920.444745633613, 903.1061364726428, 0.0]], "benchmark_W_std_train_post_withdraw": [[0.0, 95.76011344936919, 140.72168485351887, 178.54218631437743, 213.65348032965855, 247.73048051559957, 281.8388184528831, 315.52449962785175, 349.93316815347544, 385.96041516697386, 423.1150858625556, 461.81942395786365, 502.21106816564054, 526.2731646473029, 550.7877434501972, 576.2104541253109, 602.3096700883704, 628.1450806287818, 654.3326486054444, 680.6376714502115, 708.3156554267158, 734.907417583232, 761.6740139814783, 789.1518692599009, 817.7387104045999, 845.3310406859523, 873.9623081867074, 903.0442354763805, 932.1709210750765, 962.0992554686776, 0.0]]}