{"benchmark_W_mean_train": [[1000.0, 997.1129489990009, 994.1193667687166, 991.1497787084182, 987.5586428035772, 984.5627128722634, 981.3591088554984, 977.893244032132, 974.360101321802, 970.4068134966327, 966.6891788782526, 962.6127341333927, 958.546417662237, 954.218068712455, 949.4044628677277, 944.3579196287237, 939.6720781531078, 934.4379378350724, 928.9877459301243, 923.3958243085655, 917.958036984306, 912.1718691175738, 905.6627960595413, 899.2908331168401, 892.7471055849396, 885.6044614984636, 878.314384599827, 870.5733096144173, 862.5448821636664, 854.6975773447007, 806.8030976991514]], "benchmark_W_std_train": [[0.0, 83.69719966142463, 122.79129752530193, 154.1816310769134, 182.13398464385176, 208.16643677090534, 233.39085118589347, 257.43401715253776, 281.3468628062967, 305.3060327611121, 329.4514221966207, 353.6842435559664, 378.40692025760194, 403.2158606656708, 427.7762989343164, 453.46970016496147, 480.62302886164196, 507.44693788275373, 535.2323436940607, 563.8057245383586, 594.2082170583514, 624.6145705842757, 655.8479725079852, 688.5104240141785, 722.6525414391275, 756.9181699758242, 792.2928687084136, 828.6285659340764, 865.9655691974566, 905.8602762714914, 948.0240906112932]], "benchmark_W_mean_train_post_withdraw": [[960.0, 957.112948999001, 954.1193667687166, 951.1497787084182, 947.5586428035772, 944.5627128722635, 941.3591088554984, 937.893244032132, 934.360101321802, 930.4068134966326, 926.6891788782526, 922.6127341333927, 918.546417662237, 914.218068712455, 909.4044628677276, 904.3579196287237, 899.6720781531078, 894.4379378350724, 888.9877459301243, 883.3958243085655, 877.958036984306, 872.1718691175738, 865.6627960595413, 859.2908331168401, 852.7471055849396, 845.6044614984636, 838.314384599827, 830.5733096144173, 822.5448821636664, 814.6975773447008, 0.0]], "benchmark_W_std_train_post_withdraw": [[0.0, 83.69719966142463, 122.79129752530193, 154.1816310769134, 182.13398464385176, 208.16643677090534, 233.39085118589347, 257.43401715253776, 281.3468628062967, 305.3060327611121, 329.4514221966207, 353.6842435559664, 378.40692025760194, 403.2158606656708, 427.7762989343164, 453.46970016496147, 480.62302886164196, 507.44693788275373, 535.2323436940607, 563.8057245383586, 594.2082170583514, 624.6145705842757, 655.8479725079852, 688.5104240141785, 722.6525414391275, 756.9181699758242, 792.2928687084136, 828.6285659340764, 865.9655691974566, 905.8602762714914, 0.0]]}