{"benchmark_W_mean_train": [[1000.0, 1015.7968749816424, 1032.2564442120074, 1049.6029898597242, 1068.4819742567504, 1088.0720570269405, 1108.6020122170353, 1130.6645904809805, 1153.8734421602014, 1178.5516546335255, 1204.7233843001536, 1232.1132066894975, 1261.5474415888507, 1292.6623568129758, 1325.3906289089414, 1359.4206996995708, 1395.499911264003, 1433.326844940557, 1473.6837916013442, 1517.2374653616218, 1561.6809685059816, 1609.957157894316, 1662.1817353245503, 1716.1489170469565, 1774.3397519100492, 1835.4017275811618, 1900.6962841202037, 1967.4490091969083, 2038.5348379923325, 2115.7893439118, 2157.6714167950013]], "benchmark_W_std_train": [[0.0, 125.5820620324978, 183.53199119160786, 233.15898152010368, 281.19454756232693, 328.7369339856288, 374.69574261285265, 422.6712589606751, 473.18303406251897, 525.1714440017013, 579.4277193467959, 636.1710819471288, 696.6727727094022, 769.1625842850173, 846.4069980077854, 915.72718655047, 994.5181538432009, 1080.3364892887228, 1163.366848812835, 1253.0030904176817, 1343.0634349820236, 1452.5592581213132, 1567.483429775428, 1677.6368334315675, 1802.8184602459469, 1956.6319704132716, 2111.067414934671, 2260.476197438879, 2399.464366280897, 2557.133484284043, 2744.4379549962937]], "benchmark_W_mean_train_post_withdraw": [[960.0, 975.7968749816423, 992.2564442120073, 1009.6029898597242, 1028.4819742567504, 1048.0720570269405, 1068.6020122170348, 1090.6645904809802, 1113.8734421602012, 1138.5516546335255, 1164.7233843001534, 1192.1132066894977, 1221.5474415888507, 1252.6623568129758, 1285.3906289089414, 1319.4206996995708, 1355.499911264003, 1393.326844940557, 1433.6837916013442, 1477.2374653616218, 1521.6809685059816, 1569.957157894316, 1622.1817353245503, 1676.1489170469565, 1734.3397519100492, 1795.4017275811618, 1860.6962841202037, 1927.4490091969083, 1998.5348379923323, 2075.7893439118, 0.0]], "benchmark_W_std_train_post_withdraw": [[0.0, 125.58206203249779, 183.53199119160786, 233.15898152010368, 281.19454756232693, 328.7369339856288, 374.69574261285265, 422.6712589606751, 473.18303406251897, 525.1714440017013, 579.427719346796, 636.1710819471288, 696.6727727094022, 769.1625842850173, 846.4069980077854, 915.72718655047, 994.5181538432009, 1080.3364892887228, 1163.366848812835, 1253.0030904176817, 1343.0634349820236, 1452.5592581213132, 1567.483429775428, 1677.6368334315675, 1802.8184602459469, 1956.6319704132716, 2111.067414934671, 2260.476197438879, 2399.464366280897, 2557.133484284043, 0.0]]}