{"benchmark_W_mean_train": [[1000.0, 1009.2944615407406, 1018.8747026583842, 1028.8630369834402, 1039.8383848411179, 1051.0161832788913, 1062.577984012133, 1075.0558341494645, 1088.0826861072976, 1101.8315410159544, 1116.2913792732436, 1131.2454644133707, 1147.3032680597291, 1164.1846785744413, 1181.7941891863675, 1199.9757121586808, 1219.0766147091017, 1238.9117250338604, 1260.1360098080077, 1282.945087023428, 1305.8544509373774, 1330.6966098906091, 1357.508068586758, 1384.9381600948618, 1414.4158980484262, 1445.0964635937473, 1477.7264433990074, 1510.7757866237987, 1545.6449969204436, 1583.6973411099864, 1583.6866209228313]], "benchmark_W_std_train": [[0.0, 106.32797264050235, 154.2598635076428, 194.57340882722355, 232.89722827962373, 270.17512102640967, 305.47105822783857, 341.8362045275352, 379.5687157922864, 417.63634754826006, 456.9178618763807, 497.3154415203582, 539.6072746751311, 589.0453538144382, 639.3984368882427, 686.5829904357311, 738.5517023143806, 793.7887415127511, 848.13156232216, 905.8302441346631, 965.1067203854847, 1032.974182420675, 1103.276904014612, 1172.9321074843504, 1249.1487882728354, 1338.1189766831574, 1428.944804941019, 1517.7307210010335, 1602.3599013550352, 1695.861067871027, 1804.6151998642235]], "benchmark_W_mean_train_post_withdraw": [[960.0, 969.2944615407406, 978.8747026583842, 988.8630369834405, 999.8383848411179, 1011.0161832788912, 1022.577984012133, 1035.0558341494645, 1048.0826861072974, 1061.8315410159544, 1076.2913792732436, 1091.2454644133707, 1107.3032680597291, 1124.1846785744413, 1141.7941891863675, 1159.9757121586808, 1179.0766147091017, 1198.9117250338604, 1220.1360098080077, 1242.945087023428, 1265.8544509373774, 1290.696609890609, 1317.508068586758, 1344.9381600948618, 1374.4158980484262, 1405.0964635937469, 1437.7264433990074, 1470.7757866237987, 1505.6449969204436, 1543.6973411099864, 0.0]], "benchmark_W_std_train_post_withdraw": [[0.0, 106.32797264050235, 154.2598635076428, 194.57340882722355, 232.89722827962373, 270.17512102640967, 305.4710582278385, 341.8362045275352, 379.5687157922864, 417.63634754826006, 456.9178618763807, 497.3154415203582, 539.6072746751311, 589.0453538144382, 639.3984368882427, 686.5829904357311, 738.5517023143806, 793.7887415127511, 848.13156232216, 905.8302441346631, 965.1067203854847, 1032.974182420675, 1103.276904014612, 1172.9321074843504, 1249.1487882728354, 1338.1189766831574, 1428.944804941019, 1517.7307210010335, 1602.3599013550352, 1695.861067871027, 0.0]]}