{"benchmark_W_mean_train": [[1000.0, 1037.8649003916976, 1078.351086979377, 1122.0908259459336, 1169.509716130711, 1220.1909762126452, 1274.8716101212701, 1334.931314385973, 1399.2344047896197, 1469.0206977887935, 1453.932733209132, 1439.5701303530573, 1425.4841259583104, 1410.7591627654306, 1395.7947344987201, 1380.548785287892, 1365.389368090703, 1349.4427609982286, 1333.5600531670032, 1317.4468402307812, 1300.9534837293427, 1283.927679835716, 1266.7607117685345, 1249.4974415915212, 1231.7323483269674, 1213.4154996901775, 1194.699900808654, 1175.8111007358284, 1156.8186279571066, 1137.5629809550903, 1077.9285299380313]], "benchmark_W_std_train": [[0.0, 160.80630529255183, 239.54994861168072, 311.91435847759675, 384.074495036991, 456.8137547046822, 534.9408297487843, 620.3538262548354, 711.0447218855588, 809.5708037086159, 829.5238134213728, 853.0949487297835, 878.5044435856457, 902.4260902816818, 927.1644435030131, 950.6731472226627, 975.42432593757, 998.746060801343, 1024.6765203859782, 1050.8727885417165, 1077.5835475406843, 1103.9957116235223, 1132.691029851162, 1160.6385861948424, 1186.8850156932774, 1213.639770312233, 1241.0365224131003, 1268.248924726934, 1298.1513104578255, 1326.5957136437605, 1356.5452765626535]], "benchmark_W_mean_train_post_withdraw": [[960.0, 997.8649003916975, 1038.351086979377, 1082.0908259459336, 1129.509716130711, 1180.1909762126452, 1234.8716101212701, 1294.931314385973, 1359.2344047896197, 1429.0206977887935, 1413.9327332091323, 1399.5701303530573, 1385.4841259583102, 1370.7591627654306, 1355.79473449872, 1340.5487852878925, 1325.3893680907033, 1309.4427609982288, 1293.5600531670032, 1277.4468402307812, 1260.9534837293427, 1243.927679835716, 1226.7607117685345, 1209.497441591521, 1191.732348326967, 1173.4154996901775, 1154.699900808654, 1135.8111007358284, 1116.818627957107, 1097.5629809550903, 0.0]], "benchmark_W_std_train_post_withdraw": [[0.0, 160.80630529255183, 239.54994861168072, 311.91435847759675, 384.074495036991, 456.8137547046822, 534.9408297487843, 620.3538262548354, 711.0447218855588, 809.5708037086159, 829.5238134213727, 853.0949487297835, 878.5044435856457, 902.4260902816818, 927.1644435030132, 950.6731472226627, 975.42432593757, 998.746060801343, 1024.6765203859782, 1050.8727885417165, 1077.5835475406843, 1103.9957116235223, 1132.691029851162, 1160.6385861948424, 1186.8850156932774, 1213.639770312233, 1241.0365224131003, 1268.248924726934, 1298.1513104578255, 1326.5957136437605, 0.0]]}