{"benchmark_W_mean_train": [[1000.0, 1001.6019689705441, 1003.1657025948173, 1005.2053615205099, 1007.0642940650672, 1009.0291255011236, 1010.7789344663933, 1012.5887131035586, 1014.4074628288744, 1016.6631427413175, 1018.7601274233244, 1021.1223159163995, 1023.5901250113448, 1026.236724475542, 1029.0869267779437, 1031.796222973084, 1034.6198294784597, 1037.4458575060833, 1040.4170816669343, 1043.7363320297554, 1047.327601864016, 1050.954699273483, 1054.815022163241, 1058.6118218770443, 1062.7916578642744, 1067.452406529839, 1072.0375351329062, 1076.791692328019, 1082.0623155886913, 1087.6186654362432, 1053.404569767976]], "benchmark_W_std_train": [[0.0, 83.74751267443935, 122.61607118116763, 153.94732062269867, 182.35822300645904, 209.24597324572204, 234.9304229948078, 260.28460858447926, 285.8524277992963, 311.61757510130815, 337.36644393704034, 363.654223876296, 390.8185499885201, 418.66646610612656, 446.90323748771885, 475.67190441575445, 505.5143047269217, 536.4273121329749, 568.3860872702317, 602.3691401313365, 637.1387737876926, 673.0622129141349, 710.6217590299683, 749.5740147494146, 790.0525593261134, 832.386843752568, 876.0196626158247, 921.6748681711384, 969.7297505656929, 1020.0331685207389, 1072.5031516487716]], "benchmark_W_mean_train_post_withdraw": [[960.0, 961.6019689705439, 963.1657025948173, 965.2053615205102, 967.0642940650672, 969.0291255011236, 970.7789344663934, 972.5887131035586, 974.4074628288744, 976.6631427413175, 978.7601274233244, 981.1223159163995, 983.5901250113448, 986.2367244755419, 989.0869267779437, 991.7962229730839, 994.6198294784598, 997.4458575060833, 1000.4170816669341, 1003.7363320297553, 1007.3276018640162, 1010.9546992734831, 1014.8150221632411, 1018.6118218770443, 1022.7916578642747, 1027.4524065298388, 1032.0375351329062, 1036.7916923280193, 1042.062315588691, 1047.6186654362432, 0.0]], "benchmark_W_std_train_post_withdraw": [[0.0, 83.74751267443935, 122.61607118116763, 153.94732062269867, 182.35822300645904, 209.24597324572204, 234.9304229948078, 260.28460858447926, 285.8524277992963, 311.61757510130815, 337.36644393704034, 363.654223876296, 390.8185499885201, 418.66646610612656, 446.90323748771885, 475.67190441575445, 505.5143047269217, 536.4273121329749, 568.3860872702317, 602.3691401313364, 637.1387737876926, 673.0622129141349, 710.6217590299683, 749.5740147494146, 790.0525593261134, 832.386843752568, 876.0196626158247, 921.6748681711384, 969.7297505656929, 1020.0331685207389, 0.0]]}