{"benchmark_W_mean_train": [[1000.0, 1007.7584308669319, 1015.6216322194549, 1024.3148908030707, 1033.0425933317724, 1042.2722778932377, 1051.5863363121314, 1061.3014502935978, 1071.4980883568935, 1082.5654014643558, 1093.8366415639505, 1105.8835403480534, 1118.585656363952, 1131.96663387732, 1146.1271289320555, 1160.667289264227, 1175.9062417105306, 1191.777507440459, 1208.4603908092083, 1226.2543074326745, 1245.1190447725196, 1264.887074018262, 1285.6398544872407, 1306.9939447275701, 1329.8171463316874, 1354.1751285076464, 1379.2249571868967, 1405.6061476328873, 1433.7246553272792, 1463.2999146986213, 1454.3079541656982]], "benchmark_W_std_train": [[0.0, 95.64170226673075, 139.6351737517821, 175.78426610317533, 209.21243389695695, 241.30934937407645, 272.4344572545533, 303.6777796962558, 335.6476325187038, 368.2329341317051, 401.05653159055953, 435.20902007475496, 471.0299638587087, 508.00979242110145, 545.9621589673663, 585.2248626633495, 626.3817688604095, 669.4496482901942, 714.5307256618938, 762.7706023412807, 812.640641718688, 865.0675623501992, 920.2330333363452, 977.5326513324234, 1038.502084938908, 1102.6685152389102, 1169.1102685618878, 1239.61248236726, 1314.5855854052093, 1393.3566317244927, 1476.3782811311387]], "benchmark_W_mean_train_post_withdraw": [[960.0, 967.7584308669319, 975.6216322194549, 984.3148908030711, 993.0425933317725, 1002.272277893238, 1011.5863363121317, 1021.3014502935979, 1031.4980883568937, 1042.5654014643558, 1053.8366415639505, 1065.8835403480532, 1078.585656363952, 1091.9666338773202, 1106.1271289320555, 1120.667289264227, 1135.9062417105306, 1151.777507440459, 1168.4603908092083, 1186.2543074326748, 1205.1190447725196, 1224.887074018262, 1245.6398544872409, 1266.9939447275701, 1289.8171463316874, 1314.1751285076464, 1339.2249571868965, 1365.6061476328873, 1393.724655327279, 1423.2999146986213, 0.0]], "benchmark_W_std_train_post_withdraw": [[0.0, 95.64170226673075, 139.6351737517821, 175.78426610317533, 209.21243389695695, 241.30934937407645, 272.4344572545533, 303.6777796962558, 335.6476325187038, 368.2329341317051, 401.05653159055953, 435.2090200747549, 471.0299638587087, 508.0097924211014, 545.9621589673663, 585.2248626633495, 626.3817688604095, 669.4496482901942, 714.5307256618938, 762.7706023412807, 812.640641718688, 865.0675623501992, 920.2330333363452, 977.5326513324234, 1038.502084938908, 1102.6685152389102, 1169.1102685618878, 1239.61248236726, 1314.585585405209, 1393.3566317244927, 0.0]]}