{"benchmark_W_mean_train": [[1000.0, 1019.6803713976327, 1039.5180035322276, 1061.5430652252332, 1086.1064391979348, 1110.908767549472, 1137.0285494913574, 1162.5584576150857, 1192.2558279552954, 1224.2343009082151, 1263.5781978724076, 1299.1556172813014, 1335.0237942312783, 1371.8269186442637, 1409.3488742478487, 1396.9925717028364, 1387.1110386507548, 1376.0852272681495, 1362.6396758398719, 1353.2365871027478, 1340.2419112628318, 1325.0658579383075, 1310.5401154429542, 1296.8162470327138, 1283.833794706477, 1271.5476763305303, 1257.8071858418327, 1240.6848005880981, 1232.4164645693581, 1220.1784919117224, 1163.2358036155788]], "benchmark_W_std_train": [[0.0, 116.76621897297046, 173.78028332613874, 220.1239582958615, 266.57706454132114, 306.3355772618632, 344.0751876264708, 386.74350611290777, 430.98347856135047, 480.5127552714955, 539.0443500464819, 593.6871358982027, 650.4004916372068, 714.5223648444183, 777.4387516170706, 797.2565349375711, 822.5752323575848, 847.2722803317444, 870.038195295038, 902.6303753608512, 932.38975511419, 952.8773047045479, 976.6863242880862, 994.4545225044027, 1025.0262927460315, 1057.7675416161, 1079.846160763226, 1103.8693620526378, 1140.5332814239976, 1170.6789996703467, 1197.538835763048]], "benchmark_W_mean_train_post_withdraw": [[960.0, 979.6803713976329, 999.5180035322276, 1021.5430652252332, 1046.1064391979348, 1070.908767549472, 1097.0285494913574, 1122.5584576150857, 1152.2558279552954, 1184.234300908215, 1223.5781978724076, 1259.1556172813014, 1295.0237942312783, 1331.8269186442637, 1369.3488742478487, 1356.9925717028364, 1347.1110386507548, 1336.0852272681495, 1322.6396758398719, 1313.2365871027478, 1300.2419112628318, 1285.0658579383075, 1270.5401154429542, 1256.8162470327138, 1243.833794706477, 1231.5476763305303, 1217.8071858418327, 1200.6848005880981, 1192.4164645693581, 1180.1784919117224, 0.0]], "benchmark_W_std_train_post_withdraw": [[0.0, 116.76621897297046, 173.78028332613874, 220.1239582958615, 266.57706454132114, 306.3355772618632, 344.0751876264708, 386.74350611290777, 430.98347856135047, 480.5127552714955, 539.0443500464819, 593.6871358982027, 650.4004916372068, 714.5223648444183, 777.4387516170706, 797.2565349375711, 822.5752323575848, 847.2722803317444, 870.038195295038, 902.6303753608512, 932.38975511419, 952.8773047045479, 976.6863242880862, 994.4545225044027, 1025.0262927460315, 1057.7675416161, 1079.846160763226, 1103.8693620526378, 1140.5332814239976, 1170.6789996703467, 0.0]]}