{"benchmark_W_mean_train": [[1000.0, 1020.2323771751754, 1041.3114069179444, 1063.71303705886, 1087.2838040937675, 1112.8876838140222, 1140.2984638450268, 1168.8216148133158, 1199.1576836357933, 1231.588697350747, 1266.1599188014911, 1302.8213543940394, 1288.9266560783685, 1274.7059201169789, 1259.990067048884, 1245.202862453768, 1230.4301561763625, 1215.2492513428926, 1199.6215962120123, 1183.7921444953602, 1167.9405098325085, 1151.677577803564, 1134.35911362343, 1117.1965138556532, 1099.8657153573574, 1081.7439143230145, 1063.487486012137, 1044.6969635604096, 1025.4689949880662, 1006.0698363689268, 946.50330641104]], "benchmark_W_std_train": [[0.0, 116.20207799062698, 170.25357738627093, 217.22779229534632, 262.03524173449426, 306.67100647139665, 351.6609762504989, 397.44037982159165, 444.9605236376362, 495.5657467754456, 548.4255867555645, 604.6068132556178, 625.2771956575631, 646.9125801211574, 668.2913384085658, 690.4849313019394, 713.2887772616592, 736.21248078825, 759.6466054754566, 782.8632354915201, 806.8441675223287, 830.6530876242763, 853.9361100041034, 878.3886282245206, 903.3781069675958, 927.8698149423423, 952.7038379332839, 978.6566031906348, 1003.5792386494846, 1028.8838973967154, 1055.4309283015475]], "benchmark_W_mean_train_post_withdraw": [[960.0, 980.2323771751754, 1001.3114069179443, 1023.7130370588602, 1047.2838040937675, 1072.8876838140222, 1100.2984638450268, 1128.821614813316, 1159.1576836357933, 1191.5886973507468, 1226.1599188014911, 1262.8213543940394, 1248.9266560783688, 1234.7059201169789, 1219.990067048884, 1205.202862453768, 1190.4301561763625, 1175.2492513428926, 1159.6215962120123, 1143.7921444953602, 1127.9405098325087, 1111.677577803564, 1094.35911362343, 1077.1965138556532, 1059.8657153573577, 1041.7439143230145, 1023.4874860121372, 1004.6969635604096, 985.4689949880662, 966.0698363689268, 0.0]], "benchmark_W_std_train_post_withdraw": [[0.0, 116.20207799062698, 170.25357738627093, 217.22779229534632, 262.03524173449426, 306.67100647139665, 351.6609762504989, 397.44037982159165, 444.9605236376362, 495.5657467754456, 548.4255867555645, 604.6068132556178, 625.2771956575631, 646.9125801211574, 668.2913384085658, 690.4849313019394, 713.2887772616592, 736.21248078825, 759.6466054754566, 782.8632354915201, 806.8441675223287, 830.6530876242763, 853.9361100041034, 878.3886282245206, 903.3781069675958, 927.8698149423423, 952.7038379332839, 978.6566031906348, 1003.5792386494846, 1028.8838973967154, 0.0]]}