{"benchmark_W_mean_train": [[1000.0, 1007.2595371877859, 1014.8911169786506, 1023.4095705923296, 1031.5847192847757, 1039.8047072188124, 1048.9676609529292, 1059.0051462619053, 1069.28073331644, 1080.1181482692891, 1091.5733808967984, 1103.1576145852302, 1115.2503707508354, 1128.5278815593806, 1142.4365338014195, 1156.8568357254026, 1171.7481667285374, 1187.430280841837, 1203.9184934575483, 1221.5058700192842, 1239.3830663829629, 1257.9651198529323, 1278.3639593045878, 1299.512889086374, 1321.9839324002733, 1344.9393618058177, 1369.3062220269683, 1394.6745067353606, 1422.1468290455643, 1450.981917585442, 1440.4870954570613]], "benchmark_W_std_train": [[0.0, 94.33744836947061, 137.96611560586558, 175.09515877002815, 208.44506997721015, 240.02909644843697, 271.695934745113, 303.09777515867233, 335.28085143049475, 368.1743663339279, 402.09627275594534, 436.09462431622, 471.3387407173773, 508.8330687486522, 547.0561756387356, 586.6587304072616, 628.4101312968104, 671.0558107458924, 716.8083659491459, 764.4588334495681, 814.0035338280011, 865.6040365385197, 921.3913408193351, 979.3026697242844, 1039.3531263424945, 1102.5361363956476, 1169.058850155528, 1239.504624367023, 1315.056063970499, 1394.1621625050298, 1476.2152269344253]], "benchmark_W_mean_train_post_withdraw": [[960.0, 967.2595371877859, 974.8911169786506, 983.4095705923297, 991.584719284776, 999.8047072188124, 1008.9676609529291, 1019.0051462619055, 1029.2807333164403, 1040.1181482692891, 1051.5733808967987, 1063.1576145852302, 1075.2503707508354, 1088.5278815593808, 1102.4365338014195, 1116.8568357254026, 1131.7481667285374, 1147.430280841837, 1163.918493457548, 1181.5058700192842, 1199.3830663829622, 1217.9651198529323, 1238.3639593045875, 1259.512889086374, 1281.983932400273, 1304.9393618058177, 1329.306222026969, 1354.674506735361, 1382.1468290455646, 1410.981917585442, 0.0]], "benchmark_W_std_train_post_withdraw": [[0.0, 94.33744836947061, 137.96611560586558, 175.09515877002815, 208.44506997721015, 240.02909644843697, 271.695934745113, 303.09777515867233, 335.2808514304947, 368.1743663339279, 402.09627275594534, 436.09462431622, 471.3387407173773, 508.8330687486522, 547.0561756387356, 586.6587304072616, 628.4101312968104, 671.0558107458924, 716.8083659491459, 764.4588334495681, 814.003533828001, 865.6040365385197, 921.3913408193351, 979.3026697242844, 1039.3531263424945, 1102.5361363956476, 1169.058850155528, 1239.504624367023, 1315.056063970499, 1394.1621625050298, 0.0]]}