{"benchmark_W_mean_train": [[1000.0, 1003.7146569955224, 1013.1610062524372, 1021.1212020467516, 1032.6046335068554, 1044.2720486820203, 1054.2254871173495, 1067.1481589826021, 1080.4036773868686, 1091.1667144257103, 1101.0713609150384, 1112.973157635515, 1122.2663894113061, 1136.3230484894204, 1149.854202862789, 1168.8499977827876, 1187.1753306604771, 1202.344899127776, 1221.4964403965018, 1247.1968695676237, 1271.8595062521047, 1286.6562905383303, 1312.6381913137232, 1337.8372673758722, 1363.5908284360864, 1394.9795525275845, 1425.8317460095375, 1455.8170326110242, 1496.0415764673403, 1535.2368126835804, 1535.1012828521837]], "benchmark_W_std_train": [[0.0, 98.47970491712154, 147.6254203336818, 181.56021794748176, 223.89161707899848, 268.5777799186967, 298.04928202886043, 336.0883224298417, 372.6996169577179, 407.34835678915687, 442.0819181487121, 474.6430802548719, 513.1188531877343, 551.5987099518755, 591.0952693835055, 638.6781827324057, 691.2091533185187, 741.3155286820162, 789.0291962664397, 956.5235685035664, 1008.040326117412, 1047.087913938317, 1193.844826114298, 1225.7431428613097, 1282.609816927219, 1339.3782541101625, 1394.985713787703, 1493.4682482007822, 1681.921847953806, 1724.7447063192055, 1840.2458035396116]], "benchmark_W_mean_train_post_withdraw": [[960.0, 963.7146569955224, 973.1610062524372, 981.1212020467516, 992.6046335068553, 1004.2720486820205, 1014.2254871173496, 1027.1481589826021, 1040.4036773868686, 1051.1667144257103, 1061.0713609150384, 1072.973157635515, 1082.2663894113061, 1096.3230484894204, 1109.854202862789, 1128.8499977827876, 1147.1753306604771, 1162.344899127776, 1181.4964403965018, 1207.1968695676237, 1231.8595062521047, 1246.6562905383303, 1272.6381913137232, 1297.8372673758722, 1323.5908284360864, 1354.9795525275845, 1385.8317460095375, 1415.8170326110244, 1456.0415764673403, 1495.2368126835804, 0.0]], "benchmark_W_std_train_post_withdraw": [[0.0, 98.47970491712154, 147.6254203336818, 181.56021794748176, 223.89161707899848, 268.5777799186967, 298.0492820288604, 336.0883224298417, 372.6996169577179, 407.34835678915687, 442.0819181487121, 474.6430802548719, 513.1188531877343, 551.5987099518755, 591.0952693835055, 638.6781827324057, 691.2091533185187, 741.3155286820162, 789.0291962664397, 956.5235685035664, 1008.040326117412, 1047.087913938317, 1193.844826114298, 1225.7431428613097, 1282.609816927219, 1339.3782541101625, 1394.985713787703, 1493.4682482007822, 1681.921847953806, 1724.7447063192055, 0.0]]}