{"benchmark_W_mean_train": [[1000.0, 1030.7175959109097, 1072.287068226214, 1113.5467901677741, 1162.1953745197472, 1207.1311702577018, 1260.3823391863086, 1316.661131794924, 1371.4549159756234, 1437.8750270146934, 1505.985985918912, 1576.2932738913023, 1647.4917216400943, 1715.0080632758254, 1711.5294298243978, 1707.1313483278668, 1702.6409036462344, 1695.0076374299365, 1690.33456432218, 1684.6621628875357, 1679.7866486598919, 1675.176048066355, 1664.1142945814415, 1657.9600283624072, 1649.845941659085, 1638.45950578468, 1626.8836451677519, 1614.9817659144198, 1605.8898188507715, 1595.8991552094096, 1548.9653187279455]], "benchmark_W_std_train": [[0.0, 164.4374151287271, 250.9396658602201, 344.6479133794199, 418.2375651007109, 483.7590084318284, 565.0742080186377, 652.3818860588324, 730.1049448135507, 835.170830646898, 943.1052635944476, 1058.3925307039326, 1154.299943289439, 1243.6160086961795, 1275.7419593209743, 1316.4541952465881, 1360.7775311104117, 1400.4141814189327, 1430.6530802938103, 1479.1233188521833, 1513.675013273227, 1549.347259851305, 1574.7980518206496, 1607.065081288865, 1655.7903204307177, 1682.5760708094328, 1716.963611813791, 1746.9584369719782, 1786.8851782098243, 1828.0470301586665, 1870.8126851934107]], "benchmark_W_mean_train_post_withdraw": [[960.0, 990.7175959109097, 1032.2870682262142, 1073.5467901677741, 1122.1953745197472, 1167.1311702577018, 1220.3823391863086, 1276.661131794924, 1331.4549159756234, 1397.8750270146934, 1465.985985918912, 1536.2932738913023, 1607.4917216400943, 1675.0080632758254, 1671.5294298243978, 1667.1313483278668, 1662.6409036462344, 1655.0076374299365, 1650.33456432218, 1644.6621628875357, 1639.7866486598919, 1635.176048066355, 1624.1142945814415, 1617.960028362407, 1609.845941659085, 1598.45950578468, 1586.8836451677519, 1574.9817659144198, 1565.8898188507715, 1555.8991552094096, 0.0]], "benchmark_W_std_train_post_withdraw": [[0.0, 164.4374151287271, 250.9396658602201, 344.6479133794199, 418.2375651007109, 483.7590084318284, 565.0742080186377, 652.3818860588324, 730.1049448135507, 835.170830646898, 943.1052635944476, 1058.3925307039326, 1154.299943289439, 1243.6160086961795, 1275.7419593209743, 1316.4541952465881, 1360.7775311104117, 1400.4141814189327, 1430.6530802938103, 1479.1233188521833, 1513.675013273227, 1549.347259851305, 1574.7980518206496, 1607.065081288865, 1655.7903204307177, 1682.5760708094328, 1716.963611813791, 1746.9584369719782, 1786.8851782098243, 1828.0470301586663, 0.0]]}