{"benchmark_W_mean_train": [[1000.0, 1024.4709083141443, 1050.0892674363647, 1077.9115554472062, 1107.5018648584683, 1138.7506620534166, 1172.026896675848, 1207.621787728497, 1245.622283884695, 1286.4228027718993, 1329.8212914983626, 1376.0943355740417, 1425.6196101142145, 1478.0294514679038, 1534.0350356288839, 1593.892643730515, 1657.6243923489048, 1725.7792591232117, 1798.6408527081692, 1875.9764278262626, 1959.110706902726, 2046.9763952765575, 2043.0288721385375, 2038.9676028221334, 2034.509986503422, 2030.5704087997917, 2026.607587277589, 2021.7749163792462, 2017.052690585931, 2012.6186914501977, 1967.6311717190497]], "benchmark_W_std_train": [[0.0, 72.03309666826758, 104.03829255776762, 131.9073783461738, 159.1641097586329, 186.11721067698286, 213.71400838810413, 241.9136030161101, 271.77144484401856, 303.0787638927906, 335.8709229594969, 370.40497099993064, 406.82767957597105, 445.83111894382847, 487.45510357709964, 531.5316647164794, 578.6798769952591, 628.5890965079134, 682.8260157592443, 740.5598763741184, 802.5356360723684, 868.3695592166786, 890.9641515813353, 913.6586962184011, 936.3416943658221, 960.0235841154758, 983.818704268039, 1007.2714205976821, 1032.0011870228352, 1056.7472219525932, 1081.1082922926537]], "benchmark_W_mean_train_post_withdraw": [[960.0, 984.4709083141444, 1010.0892674363647, 1037.911555447206, 1067.5018648584685, 1098.7506620534164, 1132.026896675848, 1167.6217877284973, 1205.622283884695, 1246.4228027718993, 1289.8212914983626, 1336.0943355740415, 1385.6196101142143, 1438.0294514679038, 1494.0350356288839, 1553.892643730515, 1617.6243923489048, 1685.7792591232117, 1758.6408527081692, 1835.9764278262626, 1919.110706902726, 2006.9763952765575, 2003.0288721385375, 1998.9676028221334, 1994.509986503422, 1990.5704087997917, 1986.607587277589, 1981.7749163792462, 1977.052690585931, 1972.6186914501977, 0.0]], "benchmark_W_std_train_post_withdraw": [[0.0, 72.03309666826758, 104.03829255776762, 131.9073783461738, 159.1641097586329, 186.11721067698286, 213.71400838810413, 241.9136030161101, 271.77144484401856, 303.0787638927906, 335.8709229594969, 370.4049709999306, 406.82767957597105, 445.83111894382847, 487.45510357709964, 531.5316647164794, 578.6798769952591, 628.5890965079134, 682.8260157592443, 740.5598763741184, 802.5356360723684, 868.3695592166786, 890.9641515813353, 913.6586962184011, 936.3416943658221, 960.0235841154758, 983.818704268039, 1007.2714205976821, 1032.0011870228352, 1056.7472219525932, 0.0]]}