{"benchmark_W_mean_train": [[1000.0, 1031.7909323108943, 1065.7836323316967, 1102.0120912401662, 1141.2768033958444, 1183.104540840872, 1227.7324528121967, 1275.6084776951077, 1327.5650958735903, 1428.950920784643, 1540.9682371382657, 1665.4661183588323, 1804.3457864307265, 1957.4123621550048, 2127.3721689829777, 2315.761568640979, 2522.902575339172, 2754.7887920158983, 3012.9370794040087, 3297.7365482931154, 3612.5993240613107, 3964.7577814391475, 4355.300652465074, 4786.11130069216, 5265.780947066225, 5801.630559568938, 6398.770040779057, 7050.92877002675, 7779.932175713506, 8583.095581414353, 9438.548856964324]], "benchmark_W_std_train": [[0.0, 144.95213665763018, 214.75197614312896, 276.8905288861353, 338.8542493478977, 401.3094814892374, 466.06131457606375, 533.5437826042785, 606.031179924772, 721.5721858702349, 848.5698001225376, 991.3059871815182, 1153.0611559194228, 1333.979826327506, 1540.5289948626482, 1769.7879226419382, 2030.0013389073683, 2323.2646746129426, 2661.6484457897386, 3037.7814999904795, 3458.739641431098, 3938.248961472842, 4484.878814401356, 5088.197460806774, 5772.502799795364, 6551.340513792923, 7463.488029885586, 8444.146024102418, 9576.545432151717, 10817.035820903568, 12238.497184562408]], "benchmark_W_mean_train_post_withdraw": [[960.0, 991.7909323108944, 1025.7836323316967, 1062.0120912401662, 1101.2768033958444, 1143.1045408408716, 1187.7324528121967, 1235.6084776951077, 1287.5650958735903, 1388.950920784643, 1500.9682371382657, 1625.4661183588323, 1764.3457864307265, 1917.4123621550048, 2087.3721689829777, 2275.761568640979, 2482.902575339172, 2714.7887920158983, 2972.9370794040087, 3257.7365482931154, 3572.5993240613107, 3924.7577814391475, 4315.300652465074, 4746.11130069216, 5225.780947066225, 5761.630559568938, 6358.770040779057, 7010.92877002675, 7739.932175713506, 8543.095581414353, 0.0]], "benchmark_W_std_train_post_withdraw": [[0.0, 144.95213665763018, 214.75197614312896, 276.8905288861353, 338.8542493478977, 401.3094814892374, 466.06131457606375, 533.5437826042785, 606.031179924772, 721.5721858702349, 848.5698001225376, 991.3059871815182, 1153.0611559194228, 1333.979826327506, 1540.5289948626482, 1769.7879226419382, 2030.0013389073683, 2323.2646746129426, 2661.6484457897386, 3037.7814999904795, 3458.739641431098, 3938.248961472842, 4484.878814401356, 5088.197460806774, 5772.502799795364, 6551.340513792923, 7463.488029885586, 8444.146024102418, 9576.545432151717, 10817.035820903568, 0.0]]}