{"benchmark_W_mean_train": [[1000.0, 1009.2404498164522, 1018.3079283196597, 1028.5877436363473, 1040.9828249879515, 1052.0403326952094, 1064.119550581339, 1076.32679878788, 1089.8607165186747, 1104.203771230226, 1118.5427337798897, 1132.3480411307412, 1148.6222979467746, 1165.1953690948699, 1183.6854979343661, 1202.5970594282587, 1222.9703676642303, 1243.8250845818598, 1264.5407282291305, 1288.2958073258608, 1311.5058230580023, 1336.7895541731696, 1360.841440516548, 1388.3887768770755, 1417.9147633799853, 1448.0970912900718, 1479.7418597885726, 1511.0399764776503, 1544.9881128288314, 1582.1994560047474, 1580.3613893354254]], "benchmark_W_std_train": [[0.0, 107.80569559000486, 158.28128887659125, 197.2589765503594, 237.34626311142245, 272.10024720862566, 307.66878877634707, 346.8084115232644, 386.27944297010447, 427.1124730022519, 467.4446712574568, 505.39788066740186, 548.4687050969275, 591.0736396447347, 636.9721374167599, 682.4217318867519, 734.7985561530769, 795.7392736820391, 848.1955581867215, 903.1544999472458, 960.6479233116283, 1021.4278299535467, 1085.4528028205932, 1160.0417191052704, 1230.238004857477, 1310.1248319090516, 1387.1373838177165, 1461.3710603045852, 1550.5074088364759, 1649.711280679102, 1747.5094579762094]], "benchmark_W_mean_train_post_withdraw": [[960.0, 969.2404498164522, 978.3079283196597, 988.5877436363473, 1000.9828249879516, 1012.0403326952094, 1024.119550581339, 1036.32679878788, 1049.8607165186747, 1064.203771230226, 1078.5427337798897, 1092.3480411307412, 1108.6222979467746, 1125.1953690948699, 1143.6854979343661, 1162.5970594282587, 1182.9703676642303, 1203.8250845818598, 1224.5407282291305, 1248.2958073258608, 1271.505823058002, 1296.7895541731696, 1320.841440516548, 1348.3887768770755, 1377.9147633799853, 1408.0970912900718, 1439.7418597885726, 1471.0399764776503, 1504.9881128288314, 1542.1994560047474, 0.0]], "benchmark_W_std_train_post_withdraw": [[0.0, 107.80569559000486, 158.28128887659125, 197.2589765503594, 237.34626311142245, 272.10024720862566, 307.66878877634707, 346.8084115232644, 386.27944297010447, 427.1124730022519, 467.4446712574568, 505.39788066740186, 548.4687050969275, 591.0736396447347, 636.9721374167599, 682.4217318867519, 734.7985561530769, 795.7392736820391, 848.1955581867215, 903.1544999472458, 960.6479233116283, 1021.4278299535467, 1085.4528028205932, 1160.0417191052704, 1230.238004857477, 1310.1248319090516, 1387.1373838177165, 1461.3710603045852, 1550.5074088364759, 1649.711280679102, 0.0]]}