{"benchmark_W_mean_train": [[1000.0, 1020.8832363345556, 1043.3033052416888, 1066.966556615872, 1092.4572226534153, 1119.2705936190748, 1147.5805153302817, 1177.565520219165, 1209.7682539263767, 1243.6448097259733, 1228.846856965032, 1214.3249770314524, 1199.6625540574314, 1184.2686028065543, 1169.0666197720852, 1153.1015012785122, 1136.7879261376145, 1120.6185003244752, 1103.8777320336003, 1086.5627860218872, 1068.8439823706308, 1051.179000388194, 1032.857319802917, 1013.8958676553791, 994.7579388389472, 975.6799177585243, 956.0008085799448, 936.1032085247948, 916.2379355000793, 895.2861028222064, 833.9454981193105]], "benchmark_W_std_train": [[0.0, 125.912773672537, 185.36992414737284, 236.65810751899247, 286.394415549982, 335.5468668192462, 385.20316856978144, 435.9359359588601, 489.1680740435549, 545.2753374595462, 566.1023505318124, 588.6247574934513, 611.2283554068614, 634.2144119705279, 658.0537625322689, 680.8689635428019, 704.6811402960118, 729.2120064975257, 753.3108929687608, 776.9963218451884, 800.9086312433274, 825.7673834351561, 850.9004396471884, 876.0975918120376, 901.6213501144499, 928.1851955586948, 955.1974361472649, 982.9655939181613, 1012.3867010003914, 1039.8415787265933, 1068.3026731282234]], "benchmark_W_mean_train_post_withdraw": [[960.0, 980.8832363345556, 1003.3033052416889, 1026.966556615872, 1052.4572226534153, 1079.270593619075, 1107.5805153302813, 1137.5655202191647, 1169.7682539263767, 1203.6448097259733, 1188.846856965032, 1174.3249770314524, 1159.6625540574314, 1144.2686028065543, 1129.0666197720852, 1113.1015012785122, 1096.7879261376145, 1080.6185003244752, 1063.8777320336003, 1046.5627860218872, 1028.843982370631, 1011.179000388194, 992.857319802917, 973.8958676553791, 954.7579388389472, 935.6799177585244, 916.0008085799448, 896.1032085247947, 876.2379355000794, 855.2861028222064, 0.0]], "benchmark_W_std_train_post_withdraw": [[0.0, 125.912773672537, 185.36992414737284, 236.65810751899247, 286.394415549982, 335.5468668192462, 385.20316856978144, 435.9359359588601, 489.1680740435549, 545.2753374595462, 566.1023505318124, 588.6247574934513, 611.2283554068614, 634.2144119705279, 658.0537625322689, 680.8689635428019, 704.6811402960118, 729.2120064975257, 753.3108929687608, 776.9963218451884, 800.9086312433274, 825.7673834351561, 850.9004396471884, 876.0975918120376, 901.6213501144499, 928.1851955586948, 955.1974361472649, 982.9655939181613, 1012.3867010003914, 1039.8415787265933, 0.0]]}