{"benchmark_W_mean_train": [[1000.0, 1022.5075311874825, 1046.23401973223, 1071.1617754419083, 1097.9230143591546, 1126.6835506860136, 1157.1364263771154, 1189.5144934235248, 1223.8736865637213, 1260.7902405388077, 1299.7558716098856, 1341.3108549860435, 1334.0832261205799, 1326.852463360867, 1319.7942432154455, 1312.6490962492383, 1304.746871980807, 1297.385700362656, 1289.6451559114555, 1281.560770838378, 1273.365824203447, 1264.431768725802, 1255.7229275228462, 1247.0016154726654, 1238.0269309940984, 1228.7463215548803, 1219.3738598573468, 1209.3288410352588, 1199.2822755259576, 1189.377168040159, 1139.2861746367187]], "benchmark_W_std_train": [[0.0, 113.35110567896645, 166.4765092518032, 212.76920137054617, 256.83243162610256, 300.7664425364977, 345.7367795145706, 392.3822996169192, 440.20466049436493, 490.91782382299493, 544.7959677858951, 600.4456581345786, 623.1271869138454, 647.0582134558751, 671.4500991705679, 696.4189894724279, 721.6334104083062, 748.0509454662982, 774.8955926296261, 802.0737427067675, 829.8591953641212, 857.4469447029046, 885.9574604951015, 916.1320966237744, 945.2116111015595, 975.7239592827394, 1006.6017458332867, 1037.039620831022, 1069.2993631450265, 1102.4273003985438, 1136.017350521541]], "benchmark_W_mean_train_post_withdraw": [[960.0, 982.5075311874825, 1006.2340197322301, 1031.1617754419085, 1057.9230143591546, 1086.6835506860136, 1117.1364263771154, 1149.5144934235248, 1183.8736865637213, 1220.7902405388077, 1259.7558716098856, 1301.310854986044, 1294.0832261205799, 1286.852463360867, 1279.7942432154455, 1272.649096249238, 1264.746871980807, 1257.3857003626558, 1249.6451559114555, 1241.560770838378, 1233.3658242034471, 1224.431768725802, 1215.7229275228462, 1207.0016154726654, 1198.0269309940984, 1188.7463215548803, 1179.373859857347, 1169.3288410352588, 1159.2822755259576, 1149.377168040159, 0.0]], "benchmark_W_std_train_post_withdraw": [[0.0, 113.35110567896645, 166.4765092518032, 212.76920137054617, 256.83243162610256, 300.7664425364977, 345.7367795145706, 392.3822996169192, 440.20466049436493, 490.91782382299493, 544.7959677858951, 600.4456581345787, 623.1271869138454, 647.0582134558751, 671.4500991705679, 696.4189894724279, 721.6334104083062, 748.0509454662982, 774.8955926296261, 802.0737427067675, 829.8591953641212, 857.4469447029046, 885.9574604951015, 916.1320966237744, 945.2116111015595, 975.7239592827394, 1006.6017458332867, 1037.039620831022, 1069.2993631450265, 1102.4273003985438, 0.0]]}