{"benchmark_W_mean_train": [[1000.0, 1022.6622879520376, 1046.2028443439904, 1070.854064354699, 1097.1924306640833, 1125.7963825202457, 1156.4586634654424, 1188.5566212046997, 1222.9565043154776, 1259.5615526286524, 1297.8785544929224, 1339.229549987085, 1332.2049609005053, 1325.3115656397645, 1318.506479464297, 1311.0496556911135, 1303.684854429492, 1296.091471021523, 1288.5204337105333, 1280.4327896575571, 1272.2863330859093, 1264.1217132950653, 1254.9550311947428, 1246.0316231348822, 1237.300288866775, 1227.841575755318, 1218.100012704165, 1208.3294895669294, 1198.7223869102595, 1188.739077254082, 1138.474873568312]], "benchmark_W_std_train": [[0.0, 113.1072100566521, 166.4638255512186, 212.19638816107368, 255.902287616668, 299.5893946670413, 344.255318050015, 390.14164119616476, 438.01408266051624, 488.5973032111419, 541.6910193555062, 597.5178302007886, 620.4946217655115, 644.6858081485796, 669.8344327988892, 694.9201984970665, 721.0707075652946, 746.8386840426523, 773.8527634284283, 800.7472027715785, 828.3754120838441, 856.6037506802949, 883.9046098941901, 912.7367903879192, 942.9526455898431, 973.0260355296838, 1003.5890030214626, 1035.3710719635035, 1068.4768801195992, 1101.083873400411, 1134.8504594873589]], "benchmark_W_mean_train_post_withdraw": [[960.0, 982.6622879520377, 1006.2028443439905, 1030.854064354699, 1057.1924306640833, 1085.7963825202462, 1116.4586634654424, 1148.5566212046997, 1182.9565043154776, 1219.5615526286524, 1257.8785544929224, 1299.229549987085, 1292.2049609005053, 1285.3115656397645, 1278.506479464297, 1271.0496556911135, 1263.684854429492, 1256.091471021523, 1248.520433710533, 1240.4327896575571, 1232.2863330859093, 1224.1217132950653, 1214.9550311947428, 1206.0316231348822, 1197.300288866775, 1187.841575755318, 1178.100012704165, 1168.3294895669294, 1158.7223869102595, 1148.7390772540818, 0.0]], "benchmark_W_std_train_post_withdraw": [[0.0, 113.1072100566521, 166.4638255512186, 212.19638816107368, 255.902287616668, 299.5893946670413, 344.255318050015, 390.14164119616476, 438.01408266051624, 488.5973032111419, 541.6910193555062, 597.5178302007886, 620.4946217655115, 644.6858081485796, 669.8344327988892, 694.9201984970665, 721.0707075652946, 746.8386840426523, 773.8527634284283, 800.7472027715785, 828.3754120838441, 856.6037506802949, 883.9046098941901, 912.7367903879192, 942.9526455898431, 973.0260355296838, 1003.5890030214626, 1035.3710719635035, 1068.4768801195992, 1101.083873400411, 0.0]]}