{"benchmark_W_mean_train": [[1000.0, 993.1782052948519, 985.7382462248904, 978.2262093923569, 970.0291082884593, 961.7858362967164, 952.9818739343372, 943.5572240986481, 934.062018325259, 923.3056299847805, 912.0580455461428, 900.3962815664682, 888.2845123100368, 875.7445352560502, 863.096734393794, 849.9049283008818, 836.1776020711525, 822.0576457951867, 807.4328430424948, 792.5743000937913, 777.1278912837694, 761.1481834177134, 744.7610755212529, 728.1087219973126, 710.9931869824259, 693.5245009905732, 675.6607674390751, 657.3871620160561, 638.6820577942674, 619.4899473119551, 560.0592765163119]], "benchmark_W_std_train": [[0.0, 122.36800095679254, 173.57633713923047, 215.08560572660798, 251.41184588279296, 286.09885039745103, 318.6032820363231, 349.39155142949164, 380.17218159208653, 395.9523256828311, 412.39577739875705, 428.6628859828531, 445.3241665050543, 462.4430777268443, 480.1246732393287, 498.2943084815063, 517.0663824678138, 535.8672915920412, 555.0550555614983, 575.4855117125801, 596.0347724599219, 617.0378234730249, 638.4307149223464, 660.4741442385425, 683.2384792451633, 706.4473967816566, 730.6824792031009, 754.956507185914, 779.6550643523159, 804.5313772166777, 829.9439924809593]], "benchmark_W_mean_train_post_withdraw": [[960.0, 953.1782052948519, 945.7382462248904, 938.2262093923569, 930.0291082884593, 921.7858362967162, 912.9818739343372, 903.5572240986481, 894.062018325259, 883.3056299847804, 872.0580455461428, 860.3962815664682, 848.2845123100368, 835.7445352560502, 823.096734393794, 809.9049283008818, 796.1776020711525, 782.0576457951867, 767.4328430424948, 752.5743000937913, 737.1278912837694, 721.1481834177132, 704.7610755212529, 688.1087219973126, 670.9931869824259, 653.5245009905732, 635.660767439075, 617.3871620160561, 598.6820577942674, 579.489947311955, 0.0]], "benchmark_W_std_train_post_withdraw": [[0.0, 122.36800095679254, 173.57633713923047, 215.08560572660798, 251.41184588279296, 286.09885039745103, 318.6032820363231, 349.39155142949164, 380.17218159208653, 395.9523256828311, 412.39577739875705, 428.6628859828531, 445.3241665050543, 462.4430777268443, 480.1246732393287, 498.2943084815063, 517.0663824678138, 535.8672915920412, 555.0550555614983, 575.4855117125801, 596.0347724599219, 617.0378234730249, 638.4307149223464, 660.4741442385425, 683.2384792451633, 706.4473967816566, 730.682479203101, 754.956507185914, 779.6550643523159, 804.5313772166777, 0.0]]}