{"benchmark_W_mean_train": [[1000.0, 1061.2579230353326, 1037.19412655714, 1086.229513113985, 1134.2797772514782, 1115.452865624128, 1107.8918201852218, 1073.9512293989328, 1040.9230217799477, 1131.6747000128246, 1197.7670908301532, 1327.3438256777144, 1357.3951351673152, 1366.9925279051486, 1464.74307141097, 1530.0394187808724, 1528.4714161482239, 1503.0797710455456, 1516.0261969798605, 1594.401436321947, 1759.041952398231, 1847.3099728847653, 1943.56709832846, 2108.6580934659037, 2166.348758384035, 2034.004623337285, 2421.001049908316, 3307.12935662123, 4225.595624442761, 3722.636249429555, 3534.9735805412683]], "benchmark_W_std_train": [[0.0, 156.99997149215451, 177.28394068870617, 206.71563637809814, 361.3651118755172, 481.7160584989055, 549.2884379570877, 523.0293346692353, 487.6724101071953, 631.0392220242184, 721.2148903826943, 1011.5873537772056, 964.1218151824133, 1036.1750034215079, 1051.065163033316, 1005.2512152278422, 897.4555832538562, 887.643147149861, 820.0004633170689, 1005.7863663272877, 1356.1938569436177, 1540.1621859894824, 1718.6219599308906, 2076.807114664163, 2110.8311362960294, 1944.571329223331, 2476.793048993593, 4671.840452395118, 7042.848134660094, 4552.51015390645, 4544.429867976432]], "benchmark_W_mean_train_post_withdraw": [[960.0, 1021.2579230353327, 997.1941265571401, 1046.229513113985, 1094.2797772514782, 1075.452865624128, 1067.8918201852218, 1033.9512293989328, 1000.9230217799477, 1091.6747000128244, 1157.7670908301532, 1287.3438256777144, 1317.3951351673152, 1326.9925279051486, 1424.74307141097, 1490.0394187808724, 1488.4714161482239, 1463.0797710455456, 1476.0261969798605, 1554.401436321947, 1719.041952398231, 1807.3099728847653, 1903.56709832846, 2068.6580934659037, 2126.348758384035, 1994.004623337285, 2381.001049908316, 3267.12935662123, 4185.595624442761, 3682.636249429555, 0.0]], "benchmark_W_std_train_post_withdraw": [[0.0, 156.99997149215451, 177.28394068870617, 206.71563637809814, 361.3651118755172, 481.7160584989055, 549.2884379570877, 523.0293346692353, 487.6724101071953, 631.0392220242184, 721.2148903826943, 1011.5873537772056, 964.1218151824133, 1036.1750034215079, 1051.065163033316, 1005.2512152278422, 897.4555832538562, 887.643147149861, 820.0004633170689, 1005.7863663272877, 1356.1938569436177, 1540.1621859894824, 1718.6219599308906, 2076.807114664163, 2110.8311362960294, 1944.571329223331, 2476.793048993593, 4671.840452395118, 7042.848134660094, 4552.51015390645, 0.0]]}