{"benchmark_W_mean_train": [[1000.0, 1004.680199918738, 1009.384551088792, 1014.7335911507901, 1019.9982775046462, 1025.5554453765608, 1031.0351737038598, 1036.7312075364227, 1042.6569083597244, 1049.2210854888658, 1055.7905420404454, 1062.8607216362914, 1070.2880240406978, 1078.1235146859408, 1086.423434003615, 1094.8180946160762, 1103.590625124689, 1112.6486630401803, 1122.1506485017649, 1132.3444241062973, 1143.1679415865437, 1154.4158090316525, 1166.2284232918003, 1178.2678634937542, 1191.1737008041039, 1205.0295054511212, 1219.1399551004688, 1233.9267558998822, 1249.7647053609478, 1266.4046797092963, 1243.7935193162455]], "benchmark_W_std_train": [[0.0, 89.30597186267121, 130.5287703251416, 164.0740763066735, 194.7911034360009, 224.07463510682646, 252.25878023341275, 280.3230549351008, 308.8361339464158, 337.73846703563623, 366.72379542872886, 396.6104294056988, 427.73815968165076, 459.7588966045553, 492.41993482660433, 525.9588498003203, 560.9365333538059, 597.3613997987213, 635.2521082579166, 675.6773533442337, 717.2485375132834, 760.5878784569882, 806.0463813641012, 853.2175444996119, 902.8560034835054, 954.9151501201821, 1008.6747271363377, 1065.3281907283608, 1125.2744525285752, 1188.1763034965786, 1254.113014150337]], "benchmark_W_mean_train_post_withdraw": [[960.0, 964.680199918738, 969.384551088792, 974.7335911507901, 979.9982775046462, 985.5554453765609, 991.0351737038596, 996.7312075364227, 1002.6569083597243, 1009.2210854888659, 1015.7905420404455, 1022.8607216362913, 1030.2880240406978, 1038.1235146859408, 1046.423434003615, 1054.818094616076, 1063.590625124689, 1072.6486630401803, 1082.1506485017649, 1092.3444241062973, 1103.1679415865437, 1114.415809031653, 1126.2284232918003, 1138.2678634937545, 1151.1737008041039, 1165.029505451121, 1179.1399551004688, 1193.9267558998822, 1209.7647053609478, 1226.4046797092963, 0.0]], "benchmark_W_std_train_post_withdraw": [[0.0, 89.30597186267121, 130.5287703251416, 164.0740763066735, 194.7911034360009, 224.07463510682646, 252.25878023341275, 280.3230549351008, 308.8361339464158, 337.73846703563623, 366.72379542872886, 396.6104294056988, 427.73815968165076, 459.7588966045553, 492.41993482660433, 525.9588498003203, 560.9365333538059, 597.3613997987213, 635.2521082579166, 675.6773533442337, 717.2485375132834, 760.5878784569882, 806.0463813641012, 853.2175444996119, 902.8560034835054, 954.9151501201823, 1008.6747271363377, 1065.3281907283608, 1125.2744525285752, 1188.1763034965786, 0.0]]}