{"benchmark_W_mean_train": [[1000.0, 1009.1776961412306, 1018.9795675851389, 1029.114903310372, 1039.9467898388907, 1051.114660803528, 1062.6714338035272, 1074.6691649705679, 1087.5894797683616, 1100.8114620967283, 1114.8971673046826, 1104.9778462189417, 1094.7873875865205, 1084.2903909206566, 1073.6126998745126, 1062.575161644674, 1051.0812514429542, 1039.4935040261503, 1027.3378115784008, 1015.011150727615, 1002.2669443636404, 989.2973924946111, 975.7247267822602, 961.6579572394581, 947.3250826664794, 932.7670939603022, 917.7172710009037, 902.1191631169518, 886.1318607155829, 869.3007348433805, 811.8578605438024]], "benchmark_W_std_train": [[0.0, 106.81201500765134, 156.20081344993184, 197.2902321240437, 235.98187865431905, 272.90656005252305, 309.3012881575398, 345.2157625088945, 382.0865962321211, 420.1561432145757, 459.02585002456163, 475.6359437331577, 492.9225862687675, 510.6344992836241, 528.7673637685436, 547.1028695449409, 565.9684757810294, 585.4001889997147, 604.7477096480771, 624.6484798192348, 644.843904861068, 665.8821989699716, 687.2193658396109, 709.2523988680746, 731.6657353454676, 755.0782812425741, 779.5596441701374, 804.3843409607007, 830.5445620762085, 856.6598017588703, 883.9880544092583]], "benchmark_W_mean_train_post_withdraw": [[960.0, 969.1776961412306, 978.979567585139, 989.1149033103721, 999.9467898388907, 1011.1146608035282, 1022.6714338035272, 1034.6691649705679, 1047.5894797683616, 1060.8114620967283, 1074.8971673046826, 1064.977846218942, 1054.7873875865207, 1044.2903909206564, 1033.6126998745128, 1022.5751616446736, 1011.0812514429541, 999.4935040261502, 987.3378115784008, 975.011150727615, 962.2669443636404, 949.297392494611, 935.7247267822602, 921.6579572394581, 907.3250826664794, 892.7670939603022, 877.7172710009037, 862.1191631169518, 846.1318607155829, 829.3007348433805, 0.0]], "benchmark_W_std_train_post_withdraw": [[0.0, 106.81201500765134, 156.20081344993184, 197.2902321240437, 235.98187865431905, 272.90656005252305, 309.3012881575398, 345.2157625088945, 382.0865962321211, 420.1561432145757, 459.02585002456163, 475.6359437331577, 492.9225862687675, 510.6344992836241, 528.7673637685436, 547.1028695449409, 565.9684757810294, 585.4001889997147, 604.7477096480771, 624.6484798192348, 644.843904861068, 665.8821989699716, 687.2193658396109, 709.2523988680746, 731.6657353454676, 755.0782812425741, 779.5596441701374, 804.3843409607007, 830.5445620762085, 856.6598017588703, 0.0]]}