{"benchmark_W_mean_train": [[1000.0, 1034.9625957422206, 1040.5547317506876, 1103.5641291896286, 1090.625653280254, 1124.0739779460737, 1190.4060104196296, 1254.334375328028, 1310.7101499342182, 1336.8063242998296, 1338.807363315344, 1324.3748780735045, 1366.3815510535437, 1363.0116160544108, 1372.1255368250988, 1377.7965900011338, 1442.6650926474865, 1438.1411076003885, 1518.0186686885622, 1507.588200268296, 1592.338805170185, 1716.6780932535287, 1791.6489853102623, 1837.2142852737336, 1937.45217773096, 2100.6244578301375, 2035.160127478756, 2166.330007426845, 2199.704875694529, 2195.6819956124464, 2377.84646149109]], "benchmark_W_std_train": [[0.0, 115.8593703052118, 159.11394041835447, 161.14437394172475, 176.3419617361275, 197.64134717782335, 262.10547629164523, 283.6225126953481, 305.9858761481898, 349.0390858326977, 352.75993911642945, 331.89230161308797, 412.57338728171766, 398.1877914032245, 454.95346505594625, 522.3515987016151, 650.3269235344259, 730.7308807537494, 790.5311577394233, 778.0013453704913, 826.4104013134857, 973.7602161364996, 1013.452746859877, 1070.1614299203613, 1255.2990546479277, 1482.3655839096105, 1341.6046070736668, 1529.2767366446155, 1623.1137116365537, 1737.5417281186924, 2015.3376116069637]], "benchmark_W_mean_train_post_withdraw": [[960.0, 994.9625957422206, 1000.5547317506877, 1063.5641291896286, 1050.625653280254, 1084.0739779460737, 1150.4060104196296, 1214.334375328028, 1270.7101499342182, 1296.8063242998296, 1298.807363315344, 1284.3748780735045, 1326.3815510535437, 1323.0116160544108, 1332.1255368250988, 1337.7965900011338, 1402.6650926474865, 1398.1411076003885, 1478.0186686885622, 1467.588200268296, 1552.338805170185, 1676.6780932535287, 1751.6489853102623, 1797.2142852737336, 1897.45217773096, 2060.6244578301375, 1995.160127478756, 2126.330007426845, 2159.704875694529, 2155.6819956124464, 0.0]], "benchmark_W_std_train_post_withdraw": [[0.0, 115.8593703052118, 159.11394041835447, 161.14437394172475, 176.3419617361275, 197.64134717782335, 262.10547629164523, 283.6225126953481, 305.9858761481898, 349.0390858326977, 352.75993911642945, 331.89230161308797, 412.57338728171766, 398.1877914032245, 454.95346505594625, 522.3515987016151, 650.3269235344259, 730.7308807537494, 790.5311577394233, 778.0013453704913, 826.4104013134857, 973.7602161364996, 1013.452746859877, 1070.1614299203613, 1255.2990546479277, 1482.3655839096105, 1341.6046070736668, 1529.2767366446155, 1623.1137116365537, 1737.5417281186924, 0.0]]}