{"benchmark_W_mean_train": [[1000.0, 1007.4430390013184, 1015.0470388358904, 1023.1050614192152, 1031.384204133852, 1040.2162698261745, 1049.7960038224076, 1059.4580720928777, 1069.6501652437069, 1080.2432390720192, 1091.4615946994868, 1102.9373814727637, 1115.3885521318425, 1128.2512256169234, 1141.6468900480625, 1155.5661563352248, 1170.383033792999, 1186.3646594791974, 1202.9836510751848, 1220.0886501826983, 1238.535417189803, 1257.5399463768272, 1277.9878898861245, 1298.6938349759134, 1320.3484382987874, 1344.0140005858348, 1368.6876191663237, 1394.7316326580399, 1421.4389956330908, 1449.4237573279345, 1439.2724125859495]], "benchmark_W_std_train": [[0.0, 93.86191517474131, 137.1760440898372, 173.5095115179479, 207.00954565215932, 239.1238588389772, 270.78762683438174, 301.9714534838447, 333.69241079247456, 366.1379673130059, 398.91072460261904, 432.53289273198607, 468.3670455118439, 505.16992139304773, 543.2917565665787, 582.1293588651977, 623.0926152604029, 665.8623490092474, 710.8464259463079, 757.9512181148506, 807.5332544871487, 859.3716026099936, 913.9596710240183, 970.2924401116576, 1029.4085950308947, 1092.6772646539846, 1159.67598935719, 1229.4019125290542, 1302.2757017971358, 1378.8976745701877, 1458.3614475520603]], "benchmark_W_mean_train_post_withdraw": [[960.0, 967.4430390013184, 975.0470388358904, 983.1050614192152, 991.3842041338523, 1000.2162698261747, 1009.7960038224074, 1019.4580720928777, 1029.6501652437069, 1040.2432390720192, 1051.4615946994868, 1062.937381472764, 1075.3885521318425, 1088.2512256169234, 1101.6468900480622, 1115.5661563352248, 1130.383033792999, 1146.3646594791974, 1162.9836510751848, 1180.0886501826983, 1198.535417189803, 1217.5399463768272, 1237.9878898861245, 1258.6938349759137, 1280.3484382987874, 1304.0140005858348, 1328.6876191663239, 1354.7316326580399, 1381.4389956330908, 1409.4237573279343, 0.0]], "benchmark_W_std_train_post_withdraw": [[0.0, 93.86191517474131, 137.1760440898372, 173.5095115179479, 207.00954565215932, 239.1238588389772, 270.78762683438174, 301.9714534838447, 333.69241079247456, 366.1379673130059, 398.91072460261904, 432.53289273198607, 468.3670455118439, 505.16992139304773, 543.2917565665787, 582.1293588651977, 623.0926152604029, 665.8623490092474, 710.8464259463079, 757.9512181148506, 807.5332544871487, 859.3716026099936, 913.9596710240183, 970.2924401116576, 1029.4085950308947, 1092.6772646539846, 1159.67598935719, 1229.4019125290542, 1302.2757017971358, 1378.8976745701877, 0.0]]}