{"benchmark_W_mean_train": [[1000.0, 1023.0622919535668, 1046.6884058631758, 1072.5478665847609, 1100.8972100512794, 1130.2212076514847, 1160.3697960831973, 1192.7798364451846, 1226.068340538667, 1262.8072373664907, 1300.2159724561798, 1342.4457627700278, 1335.5762818300327, 1328.7515994471826, 1322.9934775358538, 1315.3191306306276, 1307.3642094775178, 1298.9648456642599, 1291.3442543181807, 1284.1337078871688, 1276.6938847337203, 1267.9574046074533, 1259.949788487772, 1252.810337126163, 1244.9361469169091, 1235.7555637472553, 1226.3938702911403, 1217.367093756295, 1207.7944060661384, 1197.9920909216205, 1149.2476557306634]], "benchmark_W_std_train": [[0.0, 113.23275751800382, 167.4506990422306, 213.14638943352543, 258.9218038484045, 302.972283546431, 347.91684235880894, 393.7111174750144, 440.8265815506628, 491.1440572028623, 544.9103698471708, 601.9169474992867, 625.3444879988857, 650.4010179854016, 676.5022761835532, 701.6618683797104, 727.2718833015798, 751.8084209428259, 779.8114377077412, 809.561993562903, 839.4865106810983, 869.6664278046213, 898.8023370328303, 931.2924999228268, 963.5583993322863, 993.900821590244, 1025.2411183788545, 1059.026919019721, 1092.3366442244942, 1124.621320820476, 1163.1266323655868]], "benchmark_W_mean_train_post_withdraw": [[960.0, 983.0622919535667, 1006.6884058631757, 1032.5478665847609, 1060.8972100512794, 1090.2212076514847, 1120.3697960831973, 1152.7798364451846, 1186.068340538667, 1222.8072373664907, 1260.2159724561798, 1302.4457627700278, 1295.5762818300327, 1288.7515994471828, 1282.9934775358538, 1275.3191306306276, 1267.3642094775178, 1258.9648456642599, 1251.3442543181807, 1244.1337078871688, 1236.6938847337203, 1227.9574046074533, 1219.949788487772, 1212.810337126163, 1204.936146916909, 1195.7555637472553, 1186.3938702911403, 1177.367093756295, 1167.7944060661387, 1157.9920909216205, 0.0]], "benchmark_W_std_train_post_withdraw": [[0.0, 113.23275751800382, 167.4506990422306, 213.14638943352543, 258.9218038484045, 302.972283546431, 347.91684235880894, 393.7111174750144, 440.8265815506628, 491.1440572028623, 544.9103698471708, 601.9169474992867, 625.3444879988857, 650.4010179854016, 676.5022761835532, 701.6618683797104, 727.2718833015798, 751.8084209428259, 779.8114377077412, 809.561993562903, 839.4865106810983, 869.6664278046213, 898.8023370328303, 931.2924999228268, 963.5583993322863, 993.900821590244, 1025.2411183788545, 1059.026919019721, 1092.3366442244942, 1124.621320820476, 0.0]]}