{"benchmark_W_mean_train": [[1000.0, 1032.858298894294, 1069.8475621844714, 1109.1480586587013, 1151.7561518811008, 1198.4145850284474, 1248.9764996736235, 1302.8789534905604, 1360.2084249195077, 1422.3441875227886, 1489.521905406019, 1561.721615203844, 1638.9694180960075, 1766.6028255437839, 1909.9139822352915, 2072.94484100845, 2252.026997766253, 2451.5285040056106, 2666.506047028474, 2906.8228555161368, 3171.553682077662, 3468.7007166593494, 3795.5821399146876, 4169.479869146101, 4570.839263266986, 5021.204819162507, 5499.1814328368855, 6038.666619783056, 6648.955765250115, 7324.0785314842515, 8024.830672269098]], "benchmark_W_std_train": [[0.0, 134.1927489764017, 199.43133579952834, 257.6391989883181, 315.77432590686027, 373.5060750451819, 433.83870123729673, 498.94482496764937, 565.8428084014837, 640.0357125391064, 717.6713431386364, 804.6522486276366, 897.4216878386669, 1052.4993303582487, 1228.856009042939, 1435.4575645623734, 1658.285235639591, 1921.584274948636, 2210.7142455675003, 2537.5915096296694, 2894.9113904244464, 3323.7229632173076, 3806.37684873002, 4376.847055507515, 5012.248154137811, 5706.4031164824055, 6441.191416248824, 7294.534065352807, 8334.500883453678, 9394.055321460108, 10685.53271880727]], "benchmark_W_mean_train_post_withdraw": [[960.0, 992.858298894294, 1029.8475621844714, 1069.1480586587013, 1111.7561518811008, 1158.4145850284474, 1208.9764996736235, 1262.8789534905604, 1320.2084249195077, 1382.3441875227886, 1449.521905406019, 1521.721615203844, 1598.9694180960075, 1726.6028255437839, 1869.9139822352915, 2032.9448410084503, 2212.026997766253, 2411.52850400561, 2626.506047028474, 2866.8228555161368, 3131.553682077662, 3428.7007166593494, 3755.5821399146876, 4129.479869146101, 4530.839263266986, 4981.204819162507, 5459.1814328368855, 5998.666619783056, 6608.955765250115, 7284.0785314842515, 0.0]], "benchmark_W_std_train_post_withdraw": [[0.0, 134.1927489764017, 199.43133579952834, 257.6391989883181, 315.77432590686027, 373.5060750451819, 433.83870123729673, 498.94482496764937, 565.8428084014837, 640.0357125391064, 717.6713431386364, 804.6522486276366, 897.4216878386669, 1052.4993303582487, 1228.856009042939, 1435.4575645623734, 1658.285235639591, 1921.584274948636, 2210.7142455675003, 2537.5915096296694, 2894.9113904244464, 3323.7229632173076, 3806.37684873002, 4376.847055507515, 5012.248154137811, 5706.4031164824055, 6441.191416248824, 7294.534065352807, 8334.500883453678, 9394.055321460108, 0.0]]}