{"benchmark_W_mean_train": [[1000.0, 1008.2599877937156, 1018.9217028878622, 1029.9865880969178, 1041.4097331156665, 1052.4343958403238, 1064.3003060113153, 1076.4474181360683, 1089.1566049019693, 1101.900244730119, 1116.0357225600142, 1131.8057082067876, 1147.3870732605365, 1165.426558297156, 1157.4696983030033, 1148.254889082152, 1138.422842320409, 1128.635564897272, 1118.7729390161167, 1108.9033447818824, 1098.193323181583, 1087.978111563536, 1077.4321895338553, 1066.3236408760433, 1054.6737315195005, 1043.4898728236412, 1030.915998197916, 1018.2797896439797, 1005.3844289912132, 991.7683807864686, 937.5895813248509]], "benchmark_W_std_train": [[0.0, 105.62285387612727, 155.69740164236654, 197.30155731612717, 237.51918262030372, 275.09839002990526, 312.1717122124166, 346.92933492650445, 382.94466222237816, 421.19918930225845, 461.53375923193033, 504.175164783745, 545.3164098002418, 590.1928086941135, 611.3595103769871, 631.846280397423, 651.5465811755407, 673.1738810082608, 694.9386231120368, 716.7049648443383, 739.0085944887509, 763.7211404716777, 788.6286788650712, 813.7304673775916, 837.8830490003729, 865.5247942327045, 892.0563867901511, 920.0617119666513, 949.1801204845907, 977.6634611762274, 1008.7787404109075]], "benchmark_W_mean_train_post_withdraw": [[960.0, 968.2599877937156, 978.9217028878622, 989.9865880969177, 1001.4097331156664, 1012.4343958403235, 1024.3003060113153, 1036.4474181360683, 1049.1566049019693, 1061.900244730119, 1076.0357225600142, 1091.8057082067874, 1107.3870732605365, 1125.426558297156, 1117.4696983030033, 1108.254889082152, 1098.422842320409, 1088.635564897272, 1078.7729390161167, 1068.9033447818824, 1058.193323181583, 1047.978111563536, 1037.4321895338553, 1026.3236408760433, 1014.6737315195004, 1003.489872823641, 990.9159981979162, 978.2797896439799, 965.3844289912132, 951.7683807864686, 0.0]], "benchmark_W_std_train_post_withdraw": [[0.0, 105.62285387612727, 155.69740164236654, 197.30155731612717, 237.5191826203037, 275.0983900299052, 312.1717122124166, 346.92933492650445, 382.94466222237816, 421.19918930225845, 461.53375923193033, 504.175164783745, 545.3164098002418, 590.1928086941135, 611.3595103769871, 631.846280397423, 651.5465811755407, 673.1738810082608, 694.9386231120368, 716.7049648443383, 739.0085944887509, 763.7211404716777, 788.6286788650712, 813.7304673775916, 837.8830490003729, 865.5247942327045, 892.0563867901511, 920.0617119666513, 949.1801204845907, 977.6634611762274, 0.0]]}