{"benchmark_W_mean_train": [[1000.0, 1001.2463826185059, 1010.2839941416014, 1018.2323359757412, 1024.3069230875715, 1029.3938515902785, 1036.8400779351002, 1041.2149077382614, 1048.8798274788558, 1061.289323533112, 1068.7432366386545, 1079.8554873568885, 1093.6529892375265, 1107.2624047992601, 1111.0873017800106, 1124.2998756889174, 1144.9559970225519, 1157.6145662886724, 1177.4256345867027, 1198.6165410102876, 1222.7373791556975, 1237.3990545411393, 1259.010090486223, 1277.1690200692256, 1312.697414461496, 1333.2329119697267, 1365.470688318853, 1388.6673934361995, 1412.620195351432, 1439.8263308362318, 1430.9596438150663]], "benchmark_W_std_train": [[0.0, 92.50691732186093, 133.0409250811985, 177.5402083231303, 206.8439747578502, 233.5299028449212, 270.12601391957577, 299.3052046195744, 334.37797819462014, 363.2915628754612, 392.3469524639822, 435.45117248160176, 470.2200251394439, 508.8196808320306, 534.0432503904882, 582.3914416064005, 641.0665637101829, 669.4302726416439, 720.3983357279479, 777.4100212756767, 838.047012402335, 876.3612949750067, 924.3345297893022, 982.1013537199995, 1065.8238931743776, 1107.3476798478548, 1180.4860808659155, 1247.1753194927596, 1327.2354181779833, 1406.0089067238373, 1473.5952862650702]], "benchmark_W_mean_train_post_withdraw": [[960.0, 961.2463826185059, 970.2839941416014, 978.2323359757413, 984.3069230875715, 989.3938515902786, 996.8400779351003, 1001.2149077382616, 1008.8798274788559, 1021.2893235331122, 1028.7432366386543, 1039.8554873568885, 1053.6529892375265, 1067.2624047992601, 1071.0873017800106, 1084.2998756889174, 1104.9559970225519, 1117.6145662886724, 1137.4256345867027, 1158.6165410102876, 1182.7373791556975, 1197.3990545411393, 1219.010090486223, 1237.1690200692256, 1272.697414461496, 1293.2329119697267, 1325.470688318853, 1348.6673934361995, 1372.620195351432, 1399.8263308362318, 0.0]], "benchmark_W_std_train_post_withdraw": [[0.0, 92.50691732186093, 133.0409250811985, 177.5402083231303, 206.8439747578502, 233.5299028449212, 270.12601391957577, 299.3052046195744, 334.37797819462014, 363.2915628754612, 392.3469524639822, 435.45117248160176, 470.2200251394439, 508.8196808320306, 534.0432503904882, 582.3914416064005, 641.0665637101829, 669.4302726416439, 720.3983357279479, 777.4100212756767, 838.047012402335, 876.3612949750067, 924.3345297893022, 982.1013537199995, 1065.8238931743776, 1107.3476798478548, 1180.4860808659155, 1247.1753194927596, 1327.2354181779833, 1406.0089067238373, 0.0]]}