{"benchmark_W_mean_train": [[1000.0, 1030.8984816874865, 1064.945425274253, 1100.3948471889419, 1141.4856833185818, 1184.3051242343274, 1228.6972900305234, 1277.0819780495315, 1328.7237690133602, 1384.1578564818064, 1444.724101943038, 1511.9099922616037, 1496.7459311102389, 1480.4080875857571, 1464.768513144178, 1448.5645468470645, 1433.1071778097598, 1416.167852261824, 1399.563437652261, 1383.397755699154, 1367.2431097052986, 1351.1092269498226, 1334.6493779491377, 1316.5476037174076, 1297.904627614311, 1279.2576899133205, 1259.9067725314374, 1241.040819759358, 1223.0830124195409, 1204.4094386955176, 1144.1120261248095]], "benchmark_W_std_train": [[0.0, 164.7250914835247, 244.17835118810856, 317.72241882697716, 392.21314497931434, 461.1448307305664, 536.0693028844233, 616.8164525604803, 720.023816094151, 822.8771123151422, 940.7487419359313, 1059.8948393874532, 1110.993897133838, 1129.035757682181, 1155.12223357559, 1172.3880818868734, 1200.3756049454012, 1213.921820751493, 1242.7145562304195, 1275.9961032847282, 1307.5800122801716, 1342.1506821909372, 1395.988233666691, 1423.6734767818186, 1437.597876863258, 1465.7688777939584, 1495.794065430104, 1530.4369268158748, 1589.5576738131758, 1618.2069538857797, 1667.70406840671]], "benchmark_W_mean_train_post_withdraw": [[960.0, 990.8984816874868, 1024.9454252742532, 1060.3948471889419, 1101.4856833185818, 1144.3051242343274, 1188.6972900305234, 1237.0819780495315, 1288.7237690133602, 1344.1578564818064, 1404.724101943038, 1471.9099922616037, 1456.7459311102389, 1440.4080875857571, 1424.768513144178, 1408.5645468470645, 1393.1071778097598, 1376.167852261824, 1359.563437652261, 1343.3977556991535, 1327.2431097052986, 1311.1092269498226, 1294.6493779491375, 1276.5476037174078, 1257.904627614311, 1239.2576899133207, 1219.9067725314374, 1201.040819759358, 1183.0830124195409, 1164.4094386955176, 0.0]], "benchmark_W_std_train_post_withdraw": [[0.0, 164.7250914835247, 244.17835118810856, 317.72241882697716, 392.21314497931434, 461.1448307305664, 536.0693028844233, 616.8164525604803, 720.023816094151, 822.8771123151422, 940.7487419359313, 1059.8948393874532, 1110.993897133838, 1129.035757682181, 1155.12223357559, 1172.3880818868734, 1200.3756049454012, 1213.921820751493, 1242.7145562304195, 1275.9961032847282, 1307.5800122801716, 1342.1506821909372, 1395.988233666691, 1423.6734767818186, 1437.597876863258, 1465.7688777939584, 1495.794065430104, 1530.4369268158748, 1589.5576738131758, 1618.2069538857797, 0.0]]}