{"benchmark_W_mean_train": [[1000.0, 1034.8743094850186, 1069.3477683237907, 1109.307318508521, 1152.9366050578296, 1198.453098578508, 1246.515859599843, 1296.0392028609863, 1352.855052537731, 1414.9523315253232, 1487.9758246662545, 1559.840280786734, 1634.8497582325926, 1713.8343361876146, 1792.093025108656, 1950.172572458015, 2103.5135018102133, 2262.917715599655, 2467.4317507774176, 2689.423451282416, 2922.732398957687, 3184.3188286427853, 3478.3412499799088, 3788.206249454496, 4162.293761148352, 4554.296761919873, 4992.896747487818, 5455.097142713204, 6033.028783667462, 6599.016638919804, 7287.26029973808]], "benchmark_W_std_train": [[0.0, 134.29827433276887, 202.5915516112576, 260.497679786466, 320.5559106100279, 375.24571597791726, 427.2335218490135, 487.46795845958513, 551.3225951889302, 622.5051466476584, 709.6771661986913, 796.1559668837444, 888.2593322105326, 996.9949712385556, 1096.8250631394133, 1307.4093935140122, 1495.266500173603, 1714.196445683637, 2007.2991250593968, 2314.9982536523567, 2661.337263566737, 3053.6851021535003, 3478.29284796945, 3826.5439750179107, 4505.129020761982, 5122.156525168071, 5723.650910088641, 6430.194868508457, 7417.498282301734, 8359.825201229069, 9885.243558533095]], "benchmark_W_mean_train_post_withdraw": [[960.0, 994.8743094850186, 1029.3477683237907, 1069.307318508521, 1112.9366050578296, 1158.453098578508, 1206.515859599843, 1256.0392028609863, 1312.855052537731, 1374.9523315253232, 1447.9758246662545, 1519.840280786734, 1594.8497582325926, 1673.8343361876146, 1752.093025108656, 1910.172572458015, 2063.5135018102133, 2222.917715599655, 2427.4317507774176, 2649.423451282416, 2882.732398957687, 3144.3188286427853, 3438.3412499799088, 3748.206249454496, 4122.293761148352, 4514.296761919873, 4952.896747487818, 5415.097142713204, 5993.028783667462, 6559.016638919804, 0.0]], "benchmark_W_std_train_post_withdraw": [[0.0, 134.29827433276887, 202.5915516112576, 260.497679786466, 320.5559106100279, 375.24571597791726, 427.2335218490135, 487.46795845958513, 551.3225951889302, 622.5051466476584, 709.6771661986913, 796.1559668837444, 888.2593322105326, 996.9949712385556, 1096.8250631394133, 1307.4093935140122, 1495.266500173603, 1714.196445683637, 2007.2991250593968, 2314.9982536523567, 2661.337263566737, 3053.6851021535003, 3478.29284796945, 3826.5439750179107, 4505.129020761982, 5122.156525168071, 5723.650910088641, 6430.194868508457, 7417.498282301734, 8359.825201229069, 0.0]]}