{"benchmark_W_mean_train": [[1000.0, 1011.3023423842933, 1030.8777031432967, 1076.3947610002222, 1044.104349357543, 1111.6253004150221, 1131.4279511052778, 1109.2987059494315, 1086.4680824151176, 1110.4676697281056, 1085.4632516583374, 1084.10700090025, 1121.5228988794415, 1205.77609812064, 1221.9873224692387, 1233.7389069523106, 1205.8113708546048, 1280.9141992559075, 1293.5681179008695, 1269.8114252234684, 1292.0127855504468, 1320.3482556067315, 1371.8095731743008, 1414.5655864521336, 1399.2193346701852, 1418.1202681553768, 1453.3787742650536, 1557.382249889918, 1691.8485112566536, 1634.4849945450826, 1620.3071507586128]], "benchmark_W_std_train": [[0.0, 97.75511624905394, 174.43853978547057, 264.88244261949217, 320.76958495622637, 413.1751759558618, 406.4598111512769, 401.69737006672733, 352.8646713907342, 360.8695078991073, 405.6331941986425, 446.13917031801356, 514.1472391396481, 522.0231935130142, 571.2517793887844, 657.3006709729165, 654.4280620879314, 813.8858061015316, 799.7456378898486, 844.2696587672051, 959.9285283545264, 992.2279309552893, 1055.0342984420379, 1113.3679448166815, 1072.6992425145984, 1099.7056383568895, 1191.9959829407821, 1377.7387607035394, 1620.138622393478, 1598.6663442912338, 1636.8304505823103]], "benchmark_W_mean_train_post_withdraw": [[960.0, 971.3023423842933, 990.8777031432967, 1036.3947610002222, 1004.1043493575431, 1071.6253004150221, 1091.4279511052778, 1069.2987059494315, 1046.4680824151176, 1070.4676697281056, 1045.4632516583374, 1044.10700090025, 1081.5228988794415, 1165.77609812064, 1181.9873224692387, 1193.7389069523106, 1165.8113708546048, 1240.9141992559075, 1253.5681179008695, 1229.8114252234684, 1252.0127855504468, 1280.3482556067315, 1331.8095731743008, 1374.5655864521336, 1359.2193346701852, 1378.1202681553768, 1413.3787742650536, 1517.382249889918, 1651.8485112566536, 1594.4849945450826, 0.0]], "benchmark_W_std_train_post_withdraw": [[0.0, 97.75511624905394, 174.43853978547057, 264.88244261949217, 320.7695849562263, 413.1751759558618, 406.4598111512769, 401.69737006672733, 352.8646713907342, 360.8695078991073, 405.6331941986425, 446.13917031801356, 514.1472391396481, 522.0231935130142, 571.2517793887844, 657.3006709729165, 654.4280620879314, 813.8858061015316, 799.7456378898486, 844.2696587672051, 959.9285283545264, 992.2279309552893, 1055.0342984420379, 1113.3679448166815, 1072.6992425145984, 1099.7056383568895, 1191.9959829407821, 1377.7387607035394, 1620.138622393478, 1598.6663442912338, 0.0]]}