{"benchmark_W_mean_train": [[1000.0, 1001.983645829133, 1003.9578059663972, 1005.874845669724, 1008.1151445625601, 1010.323502010752, 1012.7988057763448, 1015.4063546640754, 1018.4068974816834, 1021.2558183113439, 1024.006610015355, 1027.2147397350261, 1030.5164191787362, 1033.9498747293962, 1037.4383829330952, 1041.022671816247, 1045.0259636173482, 1049.0205518544697, 1053.2945317911294, 1057.8990397571174, 1062.7696114384564, 1067.5923931735217, 1072.9773344333862, 1078.3110958477455, 1083.853425264396, 1089.6350041087746, 1095.3598546976086, 1102.2011664076538, 1108.615020472104, 1115.571064628293, 1082.8696996426304]], "benchmark_W_std_train": [[0.0, 81.00553633350633, 117.89850524612721, 148.1847084561019, 175.9893463723292, 201.7837932657384, 227.1215959725281, 251.7128102034371, 276.73345399486965, 301.4466020170499, 326.72071604186306, 352.2565334758672, 378.355853957763, 405.4318394552455, 432.8323266409208, 461.085072022206, 490.2015768597054, 520.228245712691, 551.3205564234261, 583.8013321724183, 617.8411579204706, 652.6235437175793, 689.6351719054794, 727.1257629229527, 766.458539132814, 807.0044564198781, 848.5211192608231, 894.5754562500294, 941.3513674315996, 990.848191406747, 1040.9129117687196]], "benchmark_W_mean_train_post_withdraw": [[960.0, 961.9836458291329, 963.9578059663972, 965.874845669724, 968.1151445625601, 970.323502010752, 972.7988057763448, 975.4063546640754, 978.4068974816834, 981.2558183113439, 984.0066100153547, 987.214739735026, 990.5164191787364, 993.9498747293964, 997.4383829330953, 1001.022671816247, 1005.0259636173481, 1009.0205518544697, 1013.2945317911297, 1017.8990397571175, 1022.7696114384564, 1027.5923931735217, 1032.9773344333864, 1038.3110958477453, 1043.8534252643958, 1049.6350041087746, 1055.3598546976086, 1062.2011664076535, 1068.6150204721043, 1075.5710646282928, 0.0]], "benchmark_W_std_train_post_withdraw": [[0.0, 81.00553633350633, 117.89850524612721, 148.1847084561019, 175.9893463723292, 201.7837932657384, 227.1215959725281, 251.7128102034371, 276.73345399486965, 301.4466020170499, 326.72071604186306, 352.2565334758672, 378.355853957763, 405.4318394552455, 432.8323266409208, 461.08507202220596, 490.20157685970537, 520.228245712691, 551.320556423426, 583.8013321724183, 617.8411579204706, 652.6235437175793, 689.6351719054794, 727.1257629229527, 766.4585391328142, 807.0044564198781, 848.5211192608231, 894.5754562500294, 941.3513674315996, 990.8481914067471, 0.0]]}