{"benchmark_W_mean_train": [[1000.0, 1032.5783153028517, 1066.935428799348, 1103.42002056008, 1142.6946664436366, 1185.5669343858312, 1231.845566088414, 1280.995896023974, 1334.1488316944492, 1391.1852894648687, 1451.7088161198303, 1448.8592874082256, 1446.7734662893354, 1444.6167206162454, 1442.7105853504017, 1440.1879355023182, 1437.9634425944396, 1435.6133337259148, 1433.4315991175247, 1430.8241042137538, 1428.2936680112803, 1425.9362209956028, 1422.535140317398, 1419.6108133154673, 1417.1762811921103, 1414.0072931930647, 1410.7959392964717, 1407.644851416862, 1405.0535678608132, 1402.0709882995595, 1358.9824343534226]], "benchmark_W_std_train": [[0.0, 124.22124982519242, 184.8208084549297, 238.1582610343417, 290.293953747367, 343.4479390606591, 398.91253595736646, 456.95822425493634, 518.7382019777083, 584.9160992015554, 655.7176802540288, 682.4248797309789, 711.1883885798554, 740.2038058063317, 770.5589759609356, 800.8853239469121, 832.6906859661872, 863.9592808815758, 896.7871810534274, 929.8673195985529, 963.7007982260062, 998.2932475295648, 1031.828667160147, 1067.1537129354383, 1104.6180176650773, 1141.808626354029, 1180.3689642766276, 1219.7987948163402, 1261.5298203155455, 1302.5469474170682, 1345.3108026432303]], "benchmark_W_mean_train_post_withdraw": [[960.0, 992.5783153028517, 1026.9354287993485, 1063.4200205600803, 1102.6946664436366, 1145.5669343858312, 1191.845566088414, 1240.995896023974, 1294.1488316944492, 1351.1852894648687, 1411.7088161198303, 1408.8592874082256, 1406.7734662893354, 1404.6167206162454, 1402.7105853504013, 1400.1879355023182, 1397.9634425944396, 1395.6133337259148, 1393.4315991175247, 1390.8241042137538, 1388.2936680112803, 1385.9362209956025, 1382.535140317398, 1379.6108133154673, 1377.1762811921103, 1374.0072931930647, 1370.7959392964715, 1367.644851416862, 1365.0535678608132, 1362.0709882995595, 0.0]], "benchmark_W_std_train_post_withdraw": [[0.0, 124.22124982519242, 184.8208084549297, 238.15826103434168, 290.293953747367, 343.4479390606591, 398.91253595736646, 456.95822425493634, 518.7382019777083, 584.9160992015554, 655.7176802540288, 682.4248797309789, 711.1883885798554, 740.2038058063317, 770.5589759609356, 800.8853239469121, 832.6906859661872, 863.9592808815758, 896.7871810534274, 929.8673195985529, 963.7007982260062, 998.2932475295648, 1031.828667160147, 1067.1537129354383, 1104.6180176650773, 1141.808626354029, 1180.3689642766278, 1219.7987948163402, 1261.5298203155455, 1302.5469474170682, 0.0]]}