{"benchmark_W_mean_train": [[1000.0, 1053.8826744329388, 1112.3159754630167, 1176.4697157760754, 1246.9775311750666, 1324.1521783031633, 1408.4119383819593, 1501.1106736004986, 1602.3575557247593, 1713.790785715827, 1836.2371660324407, 1971.0777653016657, 2119.036569739676, 2280.5727476710936, 2458.7617186768944, 2653.530284187617, 2867.396594949805, 3101.4496692188377, 3359.7862319982673, 3643.285996809648, 3954.8512826243414, 4294.232599547264, 4667.943519901868, 5076.498551682089, 5523.5928549332775, 5727.020121607897, 5939.037209443702, 6159.836436861612, 6390.4626958910785, 6631.441914473748, 6844.464913567019]], "benchmark_W_std_train": [[0.0, 93.19221734892452, 138.33650668632953, 181.19355854199077, 224.54157631400076, 270.68813284054295, 319.66265262397485, 373.9731336936519, 432.3177363018481, 497.34432336482314, 568.7955781358589, 647.783349049228, 734.7200473151426, 830.6306708723409, 937.3449027074421, 1054.7783172993443, 1186.1171962569797, 1330.287721942629, 1492.1964422795525, 1671.415518491784, 1869.8710795933346, 2088.7479651767194, 2332.4948453949123, 2603.156532495803, 2900.77047362135, 3056.929201800517, 3218.49877259786, 3387.7898877967673, 3567.241297650728, 3754.3650599673247, 3951.0557025388935]], "benchmark_W_mean_train_post_withdraw": [[960.0, 1013.8826744329383, 1072.3159754630167, 1136.4697157760754, 1206.9775311750666, 1284.1521783031633, 1368.4119383819593, 1461.1106736004986, 1562.3575557247593, 1673.790785715827, 1796.2371660324407, 1931.0777653016657, 2079.0365697396765, 2240.5727476710936, 2418.7617186768944, 2613.530284187617, 2827.396594949805, 3061.4496692188377, 3319.7862319982673, 3603.285996809648, 3914.8512826243414, 4254.232599547264, 4627.943519901868, 5036.498551682089, 5483.5928549332775, 5687.020121607897, 5899.037209443702, 6119.836436861612, 6350.4626958910785, 6591.441914473748, 0.0]], "benchmark_W_std_train_post_withdraw": [[0.0, 93.19221734892452, 138.33650668632953, 181.19355854199077, 224.54157631400076, 270.68813284054295, 319.66265262397485, 373.9731336936519, 432.3177363018481, 497.34432336482314, 568.7955781358589, 647.783349049228, 734.7200473151426, 830.6306708723409, 937.3449027074421, 1054.7783172993443, 1186.1171962569797, 1330.287721942629, 1492.1964422795525, 1671.415518491784, 1869.8710795933346, 2088.7479651767194, 2332.4948453949123, 2603.156532495803, 2900.77047362135, 3056.929201800517, 3218.49877259786, 3387.7898877967673, 3567.241297650728, 3754.3650599673247, 0.0]]}