{"benchmark_W_mean_train": [[1000.0, 1018.4637769176552, 1039.71245567308, 1061.5054892725223, 1085.3107969721814, 1110.9667307694026, 1138.6182679680385, 1167.456559080508, 1197.6179030108535, 1229.9635098013187, 1264.7152495904388, 1300.8518506308676, 1339.3646906370136, 1326.1082795638313, 1312.5072259317533, 1298.8051958169337, 1284.0412097520175, 1270.0693108056178, 1256.4321762142154, 1242.232914830617, 1227.5871824339954, 1211.6065881569118, 1195.326050509017, 1179.9392901244435, 1164.826623424561, 1147.325297910024, 1131.12560091382, 1113.0202316808345, 1095.155955911121, 1077.6938897573098, 1018.6443366769444]], "benchmark_W_std_train": [[0.0, 116.51355184885183, 170.52509598535158, 216.69380561073743, 261.42187507916384, 304.44602682113634, 348.3702947494155, 393.98896108356644, 439.9589538618792, 490.447601211345, 541.194702430885, 596.4725589158334, 654.9524716260956, 678.1208212498763, 699.4072193007908, 722.7254346963529, 744.4324394466478, 767.8820048913879, 794.2934222009742, 819.1096365838333, 845.3787591189047, 869.8495690312408, 893.8308896694773, 918.321192857921, 944.9036010048477, 970.4719452400141, 997.1488337115751, 1023.825651379055, 1049.2671304566377, 1076.4862334032966, 1102.6368424149127]], "benchmark_W_mean_train_post_withdraw": [[960.0, 978.4637769176552, 999.7124556730801, 1021.5054892725223, 1045.3107969721812, 1070.9667307694026, 1098.6182679680385, 1127.4565590805082, 1157.6179030108535, 1189.9635098013187, 1224.7152495904388, 1260.8518506308676, 1299.3646906370136, 1286.1082795638313, 1272.507225931753, 1258.8051958169337, 1244.0412097520175, 1230.0693108056178, 1216.4321762142154, 1202.232914830617, 1187.5871824339954, 1171.6065881569118, 1155.326050509017, 1139.9392901244437, 1124.826623424561, 1107.325297910024, 1091.12560091382, 1073.0202316808345, 1055.155955911121, 1037.6938897573098, 0.0]], "benchmark_W_std_train_post_withdraw": [[0.0, 116.51355184885183, 170.52509598535158, 216.69380561073743, 261.42187507916384, 304.44602682113634, 348.3702947494155, 393.98896108356644, 439.9589538618792, 490.447601211345, 541.194702430885, 596.4725589158334, 654.9524716260956, 678.1208212498763, 699.4072193007908, 722.7254346963529, 744.4324394466478, 767.8820048913879, 794.2934222009742, 819.1096365838333, 845.3787591189047, 869.8495690312408, 893.8308896694773, 918.321192857921, 944.9036010048477, 970.4719452400141, 997.1488337115751, 1023.825651379055, 1049.2671304566377, 1076.4862334032966, 0.0]]}