{"benchmark_W_mean_train": [[1000.0, 1034.0368694460944, 1070.417278996416, 1109.5733670933507, 1151.1495245252756, 1196.5972997093627, 1245.5472124982698, 1298.6700019776922, 1354.0743819543688, 1415.3537435891021, 1480.69719168738, 1468.646890256763, 1456.7987399908727, 1444.8800524749463, 1432.959795850747, 1420.4180294992434, 1407.8734301793597, 1394.9756714394198, 1381.666213575301, 1368.2334601857583, 1354.9717875804038, 1341.1134700778846, 1326.9346442995864, 1312.5375008516157, 1297.580526344555, 1282.7168515922153, 1267.77339352493, 1252.409162577164, 1236.5661898143478, 1220.5673908469462, 1164.5180293003677]], "benchmark_W_std_train": [[0.0, 169.90001355351387, 255.11897645092665, 333.221187903538, 408.031422711394, 485.88861773778393, 568.015427181298, 656.6606097298603, 745.4022402955604, 848.1189255505533, 953.9593016219003, 978.1399950030283, 1003.4403760808099, 1029.7225702790543, 1056.8015758454173, 1083.3637071828773, 1110.9252629502735, 1138.8718565820488, 1165.6904734755046, 1194.0085628689437, 1222.9964585296252, 1253.835211316878, 1283.5911163893463, 1313.2480207812907, 1341.9024536486131, 1373.5153879599209, 1406.5997094654322, 1440.2255964336453, 1473.1696239429664, 1504.8146815967384, 1539.9605765512786]], "benchmark_W_mean_train_post_withdraw": [[960.0, 994.0368694460949, 1030.4172789964161, 1069.5733670933507, 1111.1495245252756, 1156.5972997093627, 1205.54721249827, 1258.6700019776922, 1314.0743819543688, 1375.3537435891021, 1440.69719168738, 1428.646890256763, 1416.7987399908727, 1404.8800524749463, 1392.959795850747, 1380.4180294992432, 1367.8734301793597, 1354.9756714394198, 1341.6662135753006, 1328.233460185758, 1314.9717875804038, 1301.1134700778844, 1286.9346442995868, 1272.5375008516157, 1257.580526344555, 1242.7168515922153, 1227.77339352493, 1212.409162577164, 1196.5661898143478, 1180.5673908469462, 0.0]], "benchmark_W_std_train_post_withdraw": [[0.0, 169.90001355351387, 255.11897645092665, 333.221187903538, 408.031422711394, 485.88861773778393, 568.015427181298, 656.6606097298603, 745.4022402955604, 848.1189255505533, 953.9593016219003, 978.1399950030283, 1003.4403760808099, 1029.7225702790543, 1056.8015758454173, 1083.3637071828773, 1110.9252629502735, 1138.8718565820488, 1165.6904734755046, 1194.0085628689437, 1222.9964585296252, 1253.835211316878, 1283.5911163893463, 1313.2480207812907, 1341.9024536486131, 1373.5153879599209, 1406.5997094654322, 1440.2255964336453, 1473.1696239429664, 1504.8146815967384, 0.0]]}