{"benchmark_W_mean_train": [[1000.0, 1008.1618402729997, 1016.5479941560087, 1025.1894373756904, 1034.5695167458134, 1044.2149455143895, 1054.6380544441822, 1065.5733800997982, 1077.4342468133116, 1089.5228962974077, 1101.9007073514815, 1115.2608053551799, 1129.37438536278, 1144.0784036191324, 1159.3835294581822, 1175.4657297033068, 1192.670407412108, 1210.5107720069466, 1229.2860164768454, 1249.2679427728945, 1270.4214724880326, 1292.2195835183397, 1315.5805035050926, 1339.7083308963665, 1365.0569754627131, 1391.739470056575, 1419.2452847024038, 1449.4818923360635, 1480.1015105121128, 1512.623296546292, 1506.8368317040647]], "benchmark_W_std_train": [[0.0, 93.73131812583685, 137.20110500229185, 173.4248908453586, 207.3458606495281, 239.25910700044645, 271.2884397857446, 302.7399274589035, 335.27484928678564, 367.91681402992515, 401.70394918624396, 436.10092278680884, 472.1123447577827, 509.8732718176671, 548.4821267124323, 588.6955289750414, 630.6976542334017, 674.5080532102345, 720.0554755649437, 768.4031934519631, 819.9738308338174, 872.972199087232, 929.945818099391, 988.0800690693338, 1049.7920615860667, 1113.9178068892895, 1180.1154833709945, 1254.8997000023392, 1330.9361979306254, 1412.8103852576887, 1495.5057792965288]], "benchmark_W_mean_train_post_withdraw": [[960.0, 968.1618402729997, 976.5479941560087, 985.1894373756904, 994.5695167458133, 1004.2149455143896, 1014.6380544441822, 1025.5733800997984, 1037.4342468133116, 1049.5228962974077, 1061.9007073514815, 1075.26080535518, 1089.3743853627798, 1104.0784036191324, 1119.3835294581825, 1135.4657297033075, 1152.670407412108, 1170.5107720069464, 1189.2860164768451, 1209.2679427728945, 1230.4214724880328, 1252.2195835183395, 1275.5805035050926, 1299.7083308963665, 1325.0569754627131, 1351.739470056575, 1379.2452847024038, 1409.4818923360635, 1440.1015105121128, 1472.6232965462925, 0.0]], "benchmark_W_std_train_post_withdraw": [[0.0, 93.73131812583685, 137.20110500229185, 173.4248908453586, 207.3458606495281, 239.25910700044645, 271.2884397857446, 302.7399274589034, 335.27484928678564, 367.91681402992515, 401.70394918624396, 436.1009227868089, 472.1123447577827, 509.8732718176671, 548.4821267124323, 588.6955289750414, 630.6976542334017, 674.5080532102345, 720.0554755649435, 768.4031934519631, 819.9738308338173, 872.972199087232, 929.945818099391, 988.0800690693338, 1049.7920615860667, 1113.9178068892895, 1180.1154833709945, 1254.8997000023392, 1330.9361979306254, 1412.8103852576887, 0.0]]}