{"benchmark_W_mean_train": [[1000.0, 1034.7425130104039, 1071.6286231268766, 1111.4831785508245, 1154.0345433087612, 1200.5932595902007, 1250.953643125274, 1304.4611541291579, 1362.1503435176949, 1424.576122198328, 1492.0352265410113, 1608.193637398784, 1735.7540146642855, 1876.8399446851097, 2032.9581761297527, 2204.191562469609, 2395.7325829977763, 2606.915418056615, 2841.4808861011634, 3099.556803756948, 3386.4123193494324, 3705.838894833536, 4057.179344868715, 4445.997332395273, 4874.728923154109, 5352.528860385424, 5877.748822627558, 6454.993526344969, 7103.043930172881, 7821.137169670577, 8576.841924009083]], "benchmark_W_std_train": [[0.0, 133.7481271177501, 199.04189925028234, 258.1387389133538, 316.4457394660086, 376.3739681065639, 438.34221521407204, 503.545891410911, 572.8438236351371, 648.4207070640971, 729.5661733788248, 868.5231542542999, 1022.113986822901, 1192.3576521477137, 1383.815652289617, 1598.306328907323, 1841.8368047229117, 2118.353908929396, 2430.376452847973, 2783.420184620302, 3184.0290630121203, 3633.1646212731466, 4132.731003275825, 4713.346420355285, 5356.648359607776, 6096.124146116998, 6911.229452187587, 7842.848585263103, 8922.901718402558, 10116.68661036161, 11493.036754503586]], "benchmark_W_mean_train_post_withdraw": [[960.0, 994.7425130104039, 1031.6286231268764, 1071.4831785508245, 1114.0345433087612, 1160.5932595902007, 1210.953643125274, 1264.4611541291579, 1322.1503435176949, 1384.576122198328, 1452.0352265410113, 1568.193637398784, 1695.7540146642855, 1836.8399446851097, 1992.9581761297532, 2164.191562469609, 2355.7325829977763, 2566.915418056615, 2801.4808861011634, 3059.556803756948, 3346.4123193494324, 3665.838894833536, 4017.179344868715, 4405.997332395273, 4834.728923154109, 5312.528860385424, 5837.748822627558, 6414.993526344969, 7063.043930172881, 7781.137169670577, 0.0]], "benchmark_W_std_train_post_withdraw": [[0.0, 133.7481271177501, 199.04189925028234, 258.1387389133538, 316.4457394660086, 376.3739681065639, 438.34221521407204, 503.545891410911, 572.8438236351371, 648.4207070640971, 729.5661733788248, 868.5231542542999, 1022.113986822901, 1192.3576521477137, 1383.8156522896172, 1598.306328907323, 1841.8368047229117, 2118.353908929396, 2430.376452847973, 2783.420184620302, 3184.0290630121203, 3633.1646212731466, 4132.731003275825, 4713.346420355285, 5356.648359607776, 6096.124146116998, 6911.229452187587, 7842.848585263103, 8922.901718402558, 10116.68661036161, 0.0]]}