{"benchmark_W_mean_train": [[1000.0, 1031.7546424923469, 1065.4578396096572, 1101.6708939179978, 1140.6565383230757, 1181.9915521745443, 1226.3850589383926, 1274.967641890135, 1326.6270837614436, 1382.5397042340758, 1443.099821966916, 1426.372873202607, 1410.546403308122, 1394.1241383213921, 1377.4786982189191, 1360.5797075851394, 1343.6334044755913, 1325.9740829515627, 1308.3299150762514, 1290.5123873249536, 1272.2225917418164, 1253.4045533015876, 1234.4992076250867, 1215.4469435551632, 1195.897016920537, 1175.8300769105888, 1155.301480492709, 1134.653260395619, 1113.9207794754586, 1092.7174976689487, 1031.3632445567857]], "benchmark_W_std_train": [[0.0, 165.9211886727031, 245.66059590663957, 317.97249542856514, 389.25269878536943, 459.7465038140146, 535.3619316715875, 617.2651309186341, 704.0386490550742, 797.6619575655734, 897.9869558305251, 919.1958572929984, 944.8468888315039, 967.2013136046995, 990.8634899479451, 1012.9210006229262, 1036.5410910894916, 1058.615087064822, 1083.8767748498537, 1109.164040726934, 1135.2052394690031, 1161.1538536790504, 1189.8038505099237, 1217.1771068660075, 1241.9871477144982, 1267.9472797552078, 1293.7998455796096, 1320.047962458423, 1350.724687191279, 1377.1008495473961, 1407.0229370720206]], "benchmark_W_mean_train_post_withdraw": [[960.0, 991.7546424923472, 1025.4578396096572, 1061.6708939179978, 1100.6565383230757, 1141.9915521745443, 1186.3850589383926, 1234.9676418901347, 1286.6270837614434, 1342.5397042340758, 1403.099821966916, 1386.372873202607, 1370.546403308122, 1354.1241383213921, 1337.4786982189191, 1320.5797075851394, 1303.6334044755913, 1285.9740829515627, 1268.3299150762514, 1250.5123873249536, 1232.2225917418164, 1213.4045533015876, 1194.4992076250867, 1175.4469435551634, 1155.8970169205372, 1135.8300769105888, 1115.3014804927088, 1094.653260395619, 1073.9207794754586, 1052.7174976689487, 0.0]], "benchmark_W_std_train_post_withdraw": [[0.0, 165.9211886727031, 245.66059590663957, 317.97249542856514, 389.25269878536943, 459.7465038140146, 535.3619316715875, 617.2651309186341, 704.0386490550742, 797.6619575655734, 897.9869558305251, 919.1958572929984, 944.8468888315039, 967.2013136046995, 990.8634899479451, 1012.9210006229262, 1036.5410910894916, 1058.615087064822, 1083.8767748498537, 1109.164040726934, 1135.2052394690031, 1161.1538536790504, 1189.8038505099237, 1217.1771068660075, 1241.9871477144982, 1267.9472797552078, 1293.7998455796096, 1320.047962458423, 1350.724687191279, 1377.1008495473961, 0.0]]}