{"benchmark_W_mean_train": [[1000.0, 1008.2601253555601, 1016.7067881868932, 1025.7572610020009, 1035.3993983437206, 1045.6353297203887, 1056.2397574502365, 1067.2023575178864, 1078.8269109667162, 1090.7874400978308, 1103.6770756932754, 1116.8072240724728, 1130.7135377309282, 1145.72891828496, 1161.165788566375, 1177.5821865110127, 1194.6907166772635, 1212.9570191147761, 1232.0972311151306, 1251.8347649819693, 1272.9633559453391, 1294.5022524522788, 1317.3461442796824, 1341.5139321800673, 1366.7416625019855, 1393.346808080702, 1421.8336478243893, 1451.0301247179857, 1481.7161622606918, 1514.5671548514508, 1508.930128608671]], "benchmark_W_std_train": [[0.0, 94.91037624707887, 138.07044526210888, 174.27076702763227, 208.36025301686402, 240.9011991909516, 273.08028821843214, 304.9572234707909, 337.53609455707686, 370.6885721497915, 404.89159364590233, 438.9393068621729, 474.62641065254644, 512.1246432254093, 551.3117736233975, 592.6751285970047, 635.6273744016836, 679.8493038921144, 725.9034409969667, 774.7735802673744, 825.5572394852492, 878.5590460711245, 934.7007329164072, 993.8061692483909, 1056.6202654587764, 1122.5559971190823, 1193.520544993021, 1265.3818451903624, 1341.4037128170949, 1422.6680761858815, 1506.7203655404435]], "benchmark_W_mean_train_post_withdraw": [[960.0, 968.2601253555601, 976.7067881868932, 985.7572610020006, 995.3993983437206, 1005.6353297203888, 1016.2397574502364, 1027.2023575178862, 1038.8269109667162, 1050.7874400978308, 1063.6770756932754, 1076.8072240724728, 1090.7135377309282, 1105.72891828496, 1121.165788566375, 1137.5821865110124, 1154.6907166772635, 1172.957019114776, 1192.0972311151306, 1211.8347649819693, 1232.9633559453391, 1254.5022524522785, 1277.3461442796822, 1301.5139321800673, 1326.7416625019855, 1353.3468080807024, 1381.8336478243893, 1411.0301247179857, 1441.7161622606918, 1474.5671548514508, 0.0]], "benchmark_W_std_train_post_withdraw": [[0.0, 94.91037624707887, 138.07044526210888, 174.2707670276323, 208.36025301686402, 240.9011991909516, 273.08028821843214, 304.9572234707909, 337.53609455707686, 370.6885721497915, 404.89159364590233, 438.9393068621729, 474.62641065254644, 512.1246432254093, 551.3117736233975, 592.6751285970047, 635.6273744016836, 679.8493038921144, 725.9034409969667, 774.7735802673744, 825.5572394852492, 878.5590460711245, 934.7007329164072, 993.8061692483909, 1056.6202654587764, 1122.5559971190823, 1193.520544993021, 1265.3818451903624, 1341.4037128170949, 1422.6680761858815, 0.0]]}