{"benchmark_W_mean_train": [[1000.0, 1035.1988330973647, 1073.3585665905618, 1114.1147123234493, 1156.5198008439052, 1202.522464710356, 1251.5737538952812, 1306.3970935684097, 1359.8317799482313, 1422.7898672532172, 1490.2924859055863, 1563.8713735866027, 1553.056195965199, 1543.381889618488, 1533.9745085858378, 1523.3749794807954, 1512.7026323723653, 1500.7078777827621, 1488.9298924908692, 1477.0826162748076, 1465.4299268719335, 1453.9428623596189, 1441.5328385558341, 1429.1424074997467, 1416.58202759848, 1403.4093053691395, 1390.7976153607897, 1377.3671652136309, 1363.2044518801517, 1350.3172369078661, 1296.6321224219002]], "benchmark_W_std_train": [[0.0, 168.41325727868227, 252.87509064944626, 333.0341793219723, 408.5025645479879, 489.94466849167463, 571.9399474644715, 659.0700448420966, 742.1795218906336, 844.2879781362911, 949.2244397159224, 1067.0277564875894, 1089.9675456240968, 1117.397091807231, 1148.7235468763326, 1177.6317181078352, 1204.7369739519513, 1234.4037335663556, 1263.6927310783321, 1294.7310759415739, 1324.2261788528863, 1356.945608269377, 1389.661901887423, 1419.68150327741, 1451.8520564651296, 1483.4632858348582, 1518.881690308519, 1553.5441311467484, 1590.50086819044, 1627.5601243429119, 1667.398139263072]], "benchmark_W_mean_train_post_withdraw": [[960.0, 995.1988330973647, 1033.3585665905618, 1074.1147123234493, 1116.5198008439052, 1162.522464710356, 1211.5737538952812, 1266.3970935684097, 1319.8317799482313, 1382.7898672532172, 1450.2924859055863, 1523.8713735866027, 1513.056195965199, 1503.381889618488, 1493.9745085858378, 1483.3749794807954, 1472.7026323723653, 1460.7078777827626, 1448.9298924908692, 1437.0826162748076, 1425.4299268719335, 1413.9428623596189, 1401.5328385558341, 1389.1424074997467, 1376.58202759848, 1363.4093053691395, 1350.7976153607895, 1337.3671652136309, 1323.2044518801517, 1310.3172369078661, 0.0]], "benchmark_W_std_train_post_withdraw": [[0.0, 168.41325727868227, 252.87509064944626, 333.0341793219723, 408.5025645479879, 489.94466849167463, 571.9399474644715, 659.0700448420966, 742.1795218906336, 844.2879781362911, 949.2244397159224, 1067.0277564875894, 1089.9675456240968, 1117.397091807231, 1148.7235468763326, 1177.6317181078352, 1204.7369739519513, 1234.4037335663556, 1263.6927310783321, 1294.7310759415739, 1324.2261788528863, 1356.945608269377, 1389.661901887423, 1419.68150327741, 1451.8520564651296, 1483.4632858348582, 1518.881690308519, 1553.5441311467484, 1590.50086819044, 1627.5601243429119, 0.0]]}