{"benchmark_W_mean_train": [[1000.0, 1008.7269880585663, 1018.0746987682351, 1027.9303217674114, 1038.4895564008204, 1049.6816565143076, 1061.6286740654575, 1074.0483741917003, 1087.069915356691, 1101.0767574266126, 1115.145766363607, 1129.9467911335173, 1145.831208839919, 1162.5734407872824, 1179.4118959288712, 1197.6940573193372, 1216.593985573856, 1236.834456645669, 1257.904088044799, 1280.5209684709114, 1303.4156427366804, 1327.8197529322467, 1353.5494585523982, 1381.3577520271745, 1409.4569840715792, 1439.6560095610266, 1471.9560634386867, 1505.9752769033548, 1541.2651218348092, 1578.1925503796288, 1576.8182150775267]], "benchmark_W_std_train": [[0.0, 105.69955997228695, 153.92573386985757, 195.28211592894323, 234.59448624133805, 271.148793117299, 307.864929744291, 343.78134267685084, 381.3916153973674, 419.64560250309904, 458.3883959445793, 498.82447109130175, 539.7685971470564, 583.5448127797623, 629.0146627965663, 678.1562226397136, 726.9479578802249, 780.0338344215727, 832.8793578320212, 893.4680272704804, 952.9219527451555, 1018.9793299192155, 1087.7503163557756, 1159.5872390647928, 1234.9303555538233, 1312.4745564662696, 1397.4990801768513, 1486.3162036252315, 1582.7058419802336, 1680.2489071658595, 1779.831572937377]], "benchmark_W_mean_train_post_withdraw": [[960.0, 968.7269880585663, 978.0746987682351, 987.9303217674114, 998.4895564008203, 1009.6816565143079, 1021.6286740654573, 1034.0483741917003, 1047.0699153566907, 1061.0767574266126, 1075.1457663636072, 1089.946791133517, 1105.831208839919, 1122.5734407872824, 1139.4118959288712, 1157.6940573193372, 1176.593985573856, 1196.834456645669, 1217.904088044799, 1240.5209684709114, 1263.4156427366804, 1287.8197529322465, 1313.5494585523982, 1341.3577520271745, 1369.4569840715792, 1399.6560095610266, 1431.9560634386867, 1465.9752769033548, 1501.2651218348092, 1538.1925503796288, 0.0]], "benchmark_W_std_train_post_withdraw": [[0.0, 105.69955997228695, 153.92573386985757, 195.28211592894323, 234.59448624133805, 271.148793117299, 307.864929744291, 343.78134267685084, 381.3916153973674, 419.64560250309904, 458.3883959445793, 498.82447109130175, 539.7685971470564, 583.5448127797623, 629.0146627965663, 678.1562226397136, 726.9479578802249, 780.0338344215727, 832.8793578320212, 893.4680272704804, 952.9219527451555, 1018.9793299192155, 1087.7503163557756, 1159.5872390647928, 1234.9303555538233, 1312.4745564662696, 1397.4990801768513, 1486.3162036252315, 1582.7058419802336, 1680.2489071658595, 0.0]]}