{"benchmark_W_mean_train": [[1000.0, 1012.8617546468861, 1026.0425346592651, 1040.2050886801972, 1055.3986575072634, 1071.2240687560386, 1087.091721496752, 1103.2912836585438, 1122.5693518419498, 1142.5790077425438, 1168.5260387645822, 1191.9276148471085, 1213.3440581194814, 1236.8217512253218, 1257.9381640902159, 1286.8669622861737, 1314.9795932142122, 1342.9775547160273, 1376.197046724748, 1483.2905227352862, 1594.9025761531084, 1712.8813653204816, 1851.1482215984415, 1997.1507426794353, 2167.866553104075, 2347.700723455261, 2550.9736273287604, 2769.3849728320047, 3034.039206799561, 3297.375900197053, 3593.141215805019]], "benchmark_W_std_train": [[0.0, 97.7807961099338, 146.31250478876046, 183.9105096279576, 216.99942804052213, 249.52742039731402, 279.20779748139086, 311.5725285050439, 348.2690539416553, 387.83652282726683, 431.83207689421084, 474.58682581288446, 514.8711770308287, 564.7025474932686, 605.0703906549594, 653.994706425037, 699.8532654589397, 756.6627266589871, 816.6298244198779, 967.0320912059129, 1139.4775813625981, 1296.3789175649906, 1489.2782017239656, 1659.5872751084644, 1938.5301998947066, 2207.2331205505525, 2463.567014833204, 2799.0000222737795, 3215.6701811095977, 3612.5955728947292, 4188.413808184177]], "benchmark_W_mean_train_post_withdraw": [[960.0, 972.8617546468861, 986.042534659265, 1000.2050886801972, 1015.3986575072634, 1031.2240687560386, 1047.091721496752, 1063.2912836585438, 1082.5693518419498, 1102.5790077425438, 1128.5260387645822, 1151.9276148471085, 1173.3440581194814, 1196.8217512253218, 1217.9381640902159, 1246.8669622861737, 1274.9795932142122, 1302.9775547160273, 1336.197046724748, 1443.2905227352862, 1554.9025761531084, 1672.8813653204816, 1811.1482215984415, 1957.1507426794353, 2127.866553104075, 2307.700723455261, 2510.9736273287604, 2729.3849728320047, 2994.039206799561, 3257.375900197053, 0.0]], "benchmark_W_std_train_post_withdraw": [[0.0, 97.7807961099338, 146.31250478876046, 183.9105096279576, 216.99942804052213, 249.52742039731402, 279.20779748139086, 311.5725285050439, 348.2690539416553, 387.83652282726683, 431.83207689421084, 474.58682581288446, 514.8711770308287, 564.7025474932686, 605.0703906549594, 653.994706425037, 699.8532654589397, 756.6627266589871, 816.6298244198779, 967.0320912059129, 1139.4775813625981, 1296.3789175649906, 1489.2782017239656, 1659.5872751084644, 1938.5301998947066, 2207.2331205505525, 2463.567014833204, 2799.0000222737795, 3215.6701811095977, 3612.5955728947292, 0.0]]}