{"benchmark_W_mean_train": [[1000.0, 1021.7572348981846, 1045.3837974228948, 1069.7227559990672, 1095.5427960829923, 1123.488888363568, 1153.7190439226613, 1185.8535558604347, 1219.876888008264, 1256.2873125907383, 1294.8882152300728, 1335.0711342638215, 1317.525067421561, 1300.16747610981, 1283.0982945757687, 1265.8427030721728, 1247.960224054441, 1229.500217660055, 1211.4819158434286, 1193.147100509141, 1174.1557139612055, 1155.142289428542, 1135.3849809465426, 1115.4090209499434, 1095.0016474333127, 1074.1366972898654, 1052.9691321532925, 1031.4843944771583, 1009.7496442063817, 987.3178965951497, 924.4024154136672]], "benchmark_W_std_train": [[0.0, 134.90351365093542, 200.3108335230127, 256.06606245276134, 309.73992524241777, 363.7505960599696, 419.0225443818761, 475.8689388865904, 534.9283129937544, 597.5965463572992, 662.9016969601579, 732.0025260390019, 753.2623637034978, 776.229929883905, 800.2718443151296, 824.9611264170228, 848.5425395831614, 871.7801859644308, 897.032720821943, 922.0554132837308, 946.9821046489895, 973.7596393743322, 999.0763575555429, 1024.8705099727138, 1051.1558960688158, 1076.8899465300622, 1104.6124463151643, 1132.5444138507821, 1159.116178419973, 1187.3957012785588, 1214.0929816572414]], "benchmark_W_mean_train_post_withdraw": [[960.0, 981.7572348981846, 1005.3837974228946, 1029.7227559990672, 1055.5427960829925, 1083.488888363568, 1113.7190439226613, 1145.8535558604347, 1179.876888008264, 1216.2873125907383, 1254.888215230073, 1295.0711342638217, 1277.525067421561, 1260.16747610981, 1243.0982945757687, 1225.8427030721725, 1207.960224054441, 1189.500217660055, 1171.4819158434286, 1153.147100509141, 1134.1557139612055, 1115.1422894285417, 1095.3849809465426, 1075.4090209499436, 1055.0016474333124, 1034.1366972898654, 1012.9691321532923, 991.4843944771582, 969.7496442063816, 947.3178965951495, 0.0]], "benchmark_W_std_train_post_withdraw": [[0.0, 134.90351365093542, 200.3108335230127, 256.06606245276134, 309.73992524241777, 363.7505960599696, 419.0225443818761, 475.8689388865904, 534.9283129937544, 597.5965463572992, 662.901696960158, 732.002526039002, 753.2623637034978, 776.229929883905, 800.2718443151296, 824.9611264170228, 848.5425395831614, 871.7801859644308, 897.032720821943, 922.0554132837308, 946.9821046489895, 973.7596393743323, 999.0763575555429, 1024.8705099727138, 1051.1558960688158, 1076.8899465300622, 1104.6124463151643, 1132.5444138507821, 1159.116178419973, 1187.3957012785588, 0.0]]}