{"benchmark_W_mean_train": [[1000.0, 997.1129489990009, 994.1193667687166, 991.1497787084182, 987.5586428035772, 984.5627128722634, 981.3591088554984, 977.893244032132, 974.360101321802, 970.4068134966327, 966.6891788782526, 962.6127341333927, 958.546417662237, 954.218068712455, 936.2229006049469, 918.1848306207885, 899.9790984319782, 881.2411730206744, 861.9156377035663, 842.2593192023982, 822.464541909807, 801.9852593829722, 780.5196840457708, 758.7656335830944, 736.7110534628623, 713.6161198821659, 690.2380517464926, 666.0719381030306, 641.3320516149832, 616.2712954547816, 550.8097796014655]], "benchmark_W_std_train": [[0.0, 83.69719966142463, 122.79129752530193, 154.1816310769134, 182.13398464385176, 208.16643677090534, 233.39085118589347, 257.43401715253776, 281.3468628062967, 305.3060327611121, 329.4514221966207, 353.6842435559664, 378.40692025760194, 403.2158606656708, 422.1216062421041, 442.3246997103974, 462.79349531252535, 482.6123204242098, 502.6166015679179, 522.8505755640296, 544.0247778249577, 564.2654391694577, 584.5483177081936, 605.1835710796586, 626.6394679784738, 647.0675253194257, 668.4524274851874, 689.5228139163106, 711.0682015823392, 733.4247615395333, 756.7875247616247]], "benchmark_W_mean_train_post_withdraw": [[960.0, 957.112948999001, 954.1193667687166, 951.1497787084182, 947.5586428035772, 944.5627128722635, 941.3591088554984, 937.893244032132, 934.360101321802, 930.4068134966326, 926.6891788782526, 922.6127341333927, 918.546417662237, 914.218068712455, 896.2229006049469, 878.1848306207885, 859.9790984319782, 841.2411730206744, 821.9156377035663, 802.2593192023983, 782.464541909807, 761.9852593829722, 740.5196840457706, 718.7656335830945, 696.7110534628623, 673.616119882166, 650.2380517464926, 626.0719381030306, 601.3320516149832, 576.2712954547815, 0.0]], "benchmark_W_std_train_post_withdraw": [[0.0, 83.69719966142463, 122.79129752530193, 154.1816310769134, 182.13398464385176, 208.16643677090534, 233.39085118589347, 257.43401715253776, 281.3468628062967, 305.3060327611121, 329.4514221966207, 353.6842435559664, 378.40692025760194, 403.2158606656708, 422.1216062421041, 442.3246997103974, 462.79349531252535, 482.6123204242098, 502.6166015679179, 522.8505755640296, 544.0247778249577, 564.2654391694577, 584.5483177081936, 605.1835710796586, 626.6394679784738, 647.0675253194257, 668.4524274851874, 689.5228139163106, 711.0682015823392, 733.4247615395333, 0.0]]}