{"benchmark_W_mean_train": [[1000.0, 993.8721476047078, 954.4454974725699, 992.645597166095, 1047.3272120789854, 1014.4192387256828, 991.2577375483812, 1050.7277121148368, 981.1443071647221, 959.2357342050109, 979.956086187785, 1015.2680949082429, 936.7281263242909, 990.8720288505117, 980.8358700346837, 976.7649545274923, 960.3712375987919, 1020.0523751244157, 1068.4815612579148, 1029.502794001403, 1025.4709468579765, 1058.0318340045526, 1136.494992375406, 1125.8862850900273, 1062.9165259548165, 1080.3057061796794, 1098.2571528898136, 1069.8986629142114, 1107.7610633752945, 1137.7428270728115, 1195.3904688222133]], "benchmark_W_std_train": [[0.0, 110.9628537229413, 117.2605621391521, 159.66673090015357, 238.07029378989373, 334.4233443673455, 320.70176477108873, 475.035668458148, 386.1892174551794, 443.8230620850764, 510.0673274124931, 576.5386180023495, 557.0773624564216, 630.0668336674989, 668.9660687728983, 720.3010505759905, 807.4341572990201, 904.4439747848423, 1059.8026227330852, 1120.4986254881394, 1079.4917959606812, 1091.043238963971, 1296.5591097461315, 1279.8985438861098, 1262.9449618230083, 1397.70708184202, 1524.6863971711498, 1540.9413162607361, 1662.2100963002686, 1905.8866357927811, 2142.388399986843]], "benchmark_W_mean_train_post_withdraw": [[960.0, 953.8721476047078, 914.4454974725699, 952.645597166095, 1007.3272120789854, 974.4192387256828, 951.2577375483812, 1010.7277121148369, 941.1443071647221, 919.2357342050109, 939.956086187785, 975.2680949082429, 896.7281263242909, 950.8720288505117, 940.8358700346837, 936.7649545274923, 920.3712375987919, 980.0523751244157, 1028.4815612579148, 989.5027940014028, 985.4709468579765, 1018.0318340045526, 1096.494992375406, 1085.8862850900273, 1022.9165259548165, 1040.3057061796792, 1058.2571528898136, 1029.8986629142114, 1067.7610633752945, 1097.7428270728115, 0.0]], "benchmark_W_std_train_post_withdraw": [[0.0, 110.9628537229413, 117.2605621391521, 159.66673090015357, 238.07029378989373, 334.4233443673455, 320.70176477108873, 475.0356684581481, 386.1892174551794, 443.8230620850764, 510.0673274124931, 576.5386180023495, 557.0773624564216, 630.0668336674989, 668.9660687728983, 720.3010505759905, 807.4341572990201, 904.4439747848423, 1059.8026227330852, 1120.4986254881394, 1079.4917959606812, 1091.043238963971, 1296.5591097461315, 1279.8985438861098, 1262.9449618230083, 1397.70708184202, 1524.6863971711498, 1540.9413162607361, 1662.2100963002686, 1905.8866357927811, 0.0]]}