{"benchmark_W_mean_train": [[1000.0, 996.8689162050254, 994.1042802952662, 990.9699500017151, 987.6655312926522, 984.4850782416996, 981.3445353440466, 978.1038677570128, 974.6335811301292, 971.1031164290515, 967.3224129790173, 963.0915893328593, 958.4870159539486, 953.5928732227901, 929.8904251205704, 906.1493488006358, 881.7874643165059, 856.8334703402977, 831.8800249243392, 806.4959775909948, 780.4123629115908, 754.0678098710182, 727.0444526268282, 699.6191507721949, 671.6323696373772, 643.0065654322265, 613.96423754152, 584.478748415088, 554.5562488986365, 523.9557709219143, 452.8615366928247]], "benchmark_W_std_train": [[0.0, 92.29697907319085, 135.38209065996497, 169.58751189493918, 199.97367664122368, 228.68202064592984, 256.39356324724054, 283.3331623479533, 309.6833869310334, 335.90009534559255, 362.17978903298626, 388.83705867373124, 415.4381425227431, 442.1500857636193, 457.5131914756172, 473.6568613323387, 488.96749375602946, 504.0136018492587, 519.8422090142118, 535.7537716935608, 551.0973150184806, 567.3858770195973, 582.6617270492246, 598.0744944019918, 613.4031858703332, 628.3571965389382, 644.3062084371583, 660.2162889259, 675.8062358884004, 691.9491917577249, 707.3577232325373]], "benchmark_W_mean_train_post_withdraw": [[960.0, 956.8689162050254, 954.1042802952662, 950.9699500017151, 947.6655312926522, 944.4850782416996, 941.3445353440466, 938.1038677570128, 934.6335811301292, 931.1031164290516, 927.3224129790173, 923.0915893328593, 918.4870159539486, 913.5928732227901, 889.8904251205703, 866.1493488006358, 841.7874643165059, 816.8334703402977, 791.8800249243392, 766.4959775909948, 740.4123629115908, 714.0678098710182, 687.0444526268282, 659.6191507721948, 631.6323696373772, 603.0065654322265, 573.9642375415199, 544.478748415088, 514.5562488986366, 483.95577092191445, 0.0]], "benchmark_W_std_train_post_withdraw": [[0.0, 92.29697907319085, 135.38209065996497, 169.58751189493918, 199.97367664122368, 228.68202064592984, 256.39356324724054, 283.3331623479533, 309.6833869310334, 335.90009534559255, 362.17978903298626, 388.83705867373124, 415.4381425227431, 442.1500857636193, 457.5131914756172, 473.6568613323387, 488.96749375602946, 504.0136018492587, 519.8422090142118, 535.7537716935608, 551.0973150184806, 567.3858770195973, 582.6617270492246, 598.0744944019918, 613.4031858703332, 628.3571965389382, 644.3062084371583, 660.2162889259, 675.8062358884004, 691.9491917577249, 0.0]]}