{"benchmark_W_mean_train": [[1000.0, 994.1117176114037, 992.0268514900432, 986.863560991942, 984.4170592093336, 981.489507047749, 978.7232757850528, 972.5237340522777, 968.3094984761614, 969.1007468283184, 966.5958142832544, 963.0648172198613, 959.8715275206905, 955.6335604469792, 953.5528015490618, 950.8946336088662, 945.9115082916827, 939.1321385910076, 932.4995240406528, 930.013990353766, 925.1943208691634, 916.9461602433928, 911.7869607211542, 907.0056306504812, 901.0620672307126, 894.1936007388609, 888.8053224527109, 879.7269497162172, 869.75014540482, 863.7042629691023, 814.9302568406958]], "benchmark_W_std_train": [[0.0, 89.3479784397857, 130.6536619700111, 165.4034260218973, 192.70371300958655, 223.30287817136517, 252.11137837360465, 276.02533672801087, 305.9850111911705, 334.925983644229, 364.0266591039086, 388.8048097826545, 418.8443763819782, 442.1507222390072, 471.7874351940527, 498.21911729671547, 524.9450753433324, 557.6740089153134, 587.0023269043852, 629.2621261386256, 661.7113000878117, 691.319084599172, 725.2183629657773, 758.5410837148978, 794.6020360421032, 824.1902309896909, 868.6676437059601, 911.2651222866101, 943.5061473310442, 988.0412416221025, 1025.6176087423573]], "benchmark_W_mean_train_post_withdraw": [[960.0, 954.1117176114037, 952.0268514900432, 946.863560991942, 944.4170592093338, 941.489507047749, 938.7232757850528, 932.5237340522777, 928.3094984761616, 929.1007468283184, 926.5958142832544, 923.0648172198613, 919.8715275206905, 915.6335604469792, 913.5528015490618, 910.8946336088662, 905.9115082916827, 899.1321385910076, 892.4995240406528, 890.013990353766, 885.1943208691634, 876.9461602433928, 871.7869607211542, 867.0056306504812, 861.0620672307126, 854.1936007388609, 848.8053224527109, 839.7269497162172, 829.75014540482, 823.7042629691023, 0.0]], "benchmark_W_std_train_post_withdraw": [[0.0, 89.3479784397857, 130.6536619700111, 165.4034260218973, 192.70371300958655, 223.30287817136517, 252.11137837360465, 276.02533672801087, 305.9850111911705, 334.925983644229, 364.0266591039086, 388.8048097826545, 418.8443763819782, 442.1507222390072, 471.7874351940527, 498.21911729671547, 524.9450753433324, 557.6740089153134, 587.0023269043852, 629.2621261386256, 661.7113000878117, 691.319084599172, 725.2183629657773, 758.5410837148978, 794.6020360421032, 824.1902309896909, 868.6676437059601, 911.2651222866101, 943.5061473310442, 988.0412416221025, 0.0]]}