{"benchmark_W_mean_train": [[1000.0, 1023.3858546897015, 958.9918246204916, 1064.0931985854052, 1032.791159966474, 1075.646194572276, 1049.2436889401765, 1037.234249177301, 1022.3766363039974, 1082.1303659150008, 1150.4112431525618, 1193.6356314070886, 1270.4900765670752, 1284.2342025264202, 1315.9919086467553, 1319.240151275029, 1544.2411530888744, 1384.3475790290963, 1365.3526979402047, 1528.905948622701, 1698.33549755567, 1870.3542545948367, 2248.5911196253405, 2359.2549471141733, 2799.7996028794996, 3080.173279896865, 3030.634622757653, 3208.0201192513127, 3077.928556085012, 2396.1967009436894, 2908.0740672100596]], "benchmark_W_std_train": [[0.0, 149.71499103783216, 216.990807775791, 388.4367361834426, 384.45420498579546, 497.637613243169, 552.1386773574512, 507.9327502250456, 546.0589219383627, 626.6116569615567, 692.6647987428522, 763.7026523198988, 905.7875550231637, 956.4011193064712, 1069.9160627120473, 1079.4730484269912, 1401.6921425745488, 1240.497534460259, 1093.5160691470228, 1310.3206280891898, 1550.092264414202, 1985.5265572214073, 2459.4338021890326, 2457.3857248633403, 3256.566037440817, 3927.3461555862123, 4541.804672950452, 4986.582690632188, 5180.853987676124, 3836.3860369523572, 4585.118303119425]], "benchmark_W_mean_train_post_withdraw": [[960.0, 983.3858546897015, 918.9918246204916, 1024.0931985854052, 992.791159966474, 1035.646194572276, 1009.2436889401764, 997.234249177301, 982.3766363039974, 1042.1303659150008, 1110.4112431525618, 1153.6356314070886, 1230.490076567075, 1244.2342025264202, 1275.9919086467553, 1279.240151275029, 1504.2411530888744, 1344.3475790290963, 1325.3526979402047, 1488.905948622701, 1658.33549755567, 1830.3542545948367, 2208.5911196253405, 2319.2549471141733, 2759.7996028794996, 3040.173279896865, 2990.634622757653, 3168.0201192513127, 3037.928556085012, 2356.1967009436894, 0.0]], "benchmark_W_std_train_post_withdraw": [[0.0, 149.71499103783216, 216.990807775791, 388.4367361834426, 384.45420498579546, 497.637613243169, 552.1386773574512, 507.9327502250456, 546.0589219383627, 626.6116569615567, 692.6647987428522, 763.7026523198988, 905.7875550231637, 956.4011193064712, 1069.9160627120473, 1079.4730484269912, 1401.6921425745488, 1240.497534460259, 1093.5160691470228, 1310.3206280891898, 1550.092264414202, 1985.5265572214073, 2459.4338021890326, 2457.3857248633403, 3256.566037440817, 3927.3461555862123, 4541.804672950452, 4986.582690632188, 5180.853987676124, 3836.3860369523572, 0.0]]}