{"benchmark_W_mean_train": [[1000.0, 1019.9212856723652, 1041.5508032176865, 1063.627343345546, 1086.9700913712084, 1112.2577888996466, 1139.6673064786198, 1168.721974052225, 1199.3922444345474, 1232.216088337919, 1266.8721247241742, 1302.758635579878, 1284.6239160249754, 1266.6537495058224, 1248.983348679811, 1231.1041671466205, 1212.5860543294816, 1193.501003928524, 1174.8386911036448, 1155.8311116667276, 1136.1781563716465, 1116.484005617558, 1096.023956356675, 1075.3344289977636, 1054.199017201923, 1032.6205809202897, 1010.7339517725152, 988.5118479581918, 966.0138782818922, 942.8175209383695, 879.1071857337951]], "benchmark_W_std_train": [[0.0, 142.82430355805099, 211.39601332627964, 269.5588827010158, 325.56704918349436, 381.7882450731614, 438.9914954176352, 497.75228882712605, 558.6859459766796, 623.3054157134252, 690.2577714704108, 760.9907813739981, 782.2230442083246, 804.949016792525, 828.897959450337, 853.7020492055166, 877.3010058075736, 900.6061975742967, 926.0723696724904, 950.859036360142, 975.9671124759293, 1002.9073615711226, 1028.3505479251103, 1054.266791318497, 1080.6258681697857, 1106.582178457879, 1134.727127185845, 1162.944447724126, 1189.5126805160387, 1218.0866685666767, 1245.0470103690207]], "benchmark_W_mean_train_post_withdraw": [[960.0, 979.9212856723655, 1001.5508032176865, 1023.6273433455458, 1046.9700913712086, 1072.2577888996466, 1099.6673064786198, 1128.721974052225, 1159.3922444345474, 1192.2160883379192, 1226.8721247241742, 1262.758635579878, 1244.6239160249754, 1226.6537495058224, 1208.983348679811, 1191.1041671466207, 1172.5860543294816, 1153.501003928524, 1134.8386911036448, 1115.8311116667276, 1096.1781563716465, 1076.4840056175583, 1056.023956356675, 1035.3344289977636, 1014.1990172019229, 992.6205809202899, 970.7339517725152, 948.5118479581919, 926.0138782818921, 902.8175209383694, 0.0]], "benchmark_W_std_train_post_withdraw": [[0.0, 142.82430355805099, 211.39601332627964, 269.5588827010158, 325.56704918349436, 381.7882450731614, 438.9914954176352, 497.75228882712605, 558.6859459766796, 623.3054157134252, 690.2577714704108, 760.9907813739981, 782.2230442083246, 804.949016792525, 828.897959450337, 853.7020492055165, 877.3010058075736, 900.6061975742967, 926.0723696724904, 950.859036360142, 975.9671124759293, 1002.9073615711226, 1028.3505479251103, 1054.266791318497, 1080.625868169786, 1106.582178457879, 1134.727127185845, 1162.9444477241257, 1189.5126805160385, 1218.0866685666767, 0.0]]}