{"benchmark_W_mean_train": [[1000.0, 1018.5868632389269, 1038.0893693091393, 1058.8962725357976, 1080.5028208797562, 1104.181318570403, 1129.3789104606317, 1155.690929573764, 1183.6448402799842, 1213.2313714801653, 1244.9428733722734, 1278.3721522528124, 1313.9754914530865, 1304.825142373635, 1295.4953664724103, 1286.236138023745, 1277.2024704577025, 1267.8194008840953, 1258.01937780449, 1248.1416052290804, 1238.4670627523976, 1228.3231561741777, 1217.1153303943233, 1206.143048639223, 1195.1874239301812, 1183.27940290922, 1171.457066064354, 1158.95598046362, 1146.1735121880974, 1133.3814710067527, 1080.663625928201]], "benchmark_W_std_train": [[0.0, 102.16261057293123, 151.0989215748865, 193.17878533618676, 232.95125607718248, 272.18710788783966, 311.92353863669945, 351.9276300743139, 393.3044086591997, 437.12987215873596, 482.93802992672283, 531.24497408974, 582.2241665089663, 609.0816666643749, 636.5765250307924, 665.1564949284369, 694.6565312163588, 724.0229406143701, 754.055642841615, 784.1630407275097, 815.9356791187643, 846.4736079545651, 877.2425940539046, 909.1594032836656, 942.1676542719166, 974.1260392851054, 1007.2800134199172, 1040.956305107171, 1074.734890867559, 1109.5627573398585, 1146.6824023750105]], "benchmark_W_mean_train_post_withdraw": [[960.0, 978.5868632389269, 998.0893693091393, 1018.8962725357977, 1040.5028208797562, 1064.1813185704027, 1089.3789104606317, 1115.690929573764, 1143.6448402799842, 1173.2313714801653, 1204.9428733722737, 1238.3721522528124, 1273.9754914530865, 1264.825142373635, 1255.4953664724103, 1246.236138023745, 1237.2024704577025, 1227.8194008840953, 1218.01937780449, 1208.1416052290804, 1198.4670627523976, 1188.3231561741777, 1177.1153303943233, 1166.1430486392233, 1155.1874239301812, 1143.27940290922, 1131.4570660643542, 1118.95598046362, 1106.1735121880974, 1093.3814710067527, 0.0]], "benchmark_W_std_train_post_withdraw": [[0.0, 102.16261057293123, 151.0989215748865, 193.17878533618676, 232.95125607718248, 272.18710788783966, 311.92353863669945, 351.9276300743139, 393.3044086591997, 437.12987215873596, 482.93802992672283, 531.24497408974, 582.2241665089663, 609.0816666643749, 636.5765250307924, 665.1564949284369, 694.6565312163588, 724.0229406143701, 754.055642841615, 784.1630407275097, 815.9356791187643, 846.4736079545651, 877.2425940539046, 909.1594032836656, 942.1676542719166, 974.1260392851054, 1007.2800134199172, 1040.956305107171, 1074.734890867559, 1109.5627573398585, 0.0]]}