,kappa,cvar_05,expected_wealth,median_wealth,portfolio,qsum_avg,p_med_avg
0,1.0,307.4874717749237,825.4623575007319,783.0860624834904,2_factor_unconstrain,51.92764380670363,0.22348343641497195
0,1.0,-148.27261455434157,454.0872256306885,168.27568538889506,2basic_NN,52.17969537550403,0.43740422228972115
0,1.0,-106.3507235377101,54.623439877941145,25.48104372471201,3basic_NN,50.88221396169355,0.2183851301825295
0,1.0,230.70495851107455,680.9366916453475,610.4600360611878,5_factor_constrain_indiv,51.64767357610887,0.06893593427278878
0,1.0,109.81725722959953,406.15579046601454,355.65323706152776,2_factor_constrain_indiv,51.72840536794355,0.2548574103663365
0,1.0,628.4749451287535,1274.377054118468,1230.3424516276666,5_factor_unconstrain,53.29251197076613,3.3382720758035055e-06
0,1.0,366.9794850206413,841.7846875722109,823.2319712375609,5_factor_constrain_group,52.38362367691532,0.03337595875499032
0,1.0,126.1916308830178,2066.932723746847,1381.052836610464,2_factor_constrain_group,53.03215568296371,0.5000003019968668
