,kappa,cvar_05,expected_wealth,median_wealth,qsum_avg,p_med_avg,portfolio
0,1.0,52.27364711305145,116.8361888179712,95.92043757025424,52.994034305695564,0.3419159308075905,2_factor_constrain_indiv_log_rerun_standar
0,1.0,235.4679066751679,364.7624809950992,316.96699488189074,51.01855074974798,0.2558512669367095,3_factor_constrain_indiv_log_rerun_standar
0,1.0,683.2705960968701,1145.67917682201,1094.740994355534,51.079034620715724,0.20782227501598147,3_factor_unconstrain_log_rerun_standar
0,1.0,41.581185442169925,103.14213399982592,73.15556439264589,53.24718450730847,0.24803640606502692,2_factor_constrain_group_log_rerun_standar
0,1.0,400.359257302628,689.6545717741873,666.7789160730815,51.13346222908266,0.16156997978687287,3_factor_constrain_group_log_rerun_standar
0,1.0,129.62983824166878,219.02786411183507,185.63740392700856,52.646956905241936,0.2736722800259789,2_factor_unconstrain_log_rerun_standar
0,1.0,-117.24192347066123,464.248578938427,262.3944930610013,54.10802041330645,0.4645346596837044,2basic_NN_log_rerun_standar
0,1.0,-72.87146470244305,138.81900943176365,172.10650218248014,50.839453912550404,0.27729108752258375,3basic_NN
