,cvar_05,expected_wealth,median_wealth,qsum_avg,p_med_avg,portfolio
0,-72.87146470244305,138.81900943176365,172.10650218248014,50.839453912550404,0.27729108752258375,3basic_NN
0,-84.81368577856848,611.1742747182552,442.34212728132604,51.84617959299395,0.44712444047133126,2basic_NN
0,-64.45681729806964,481.69223967036066,507.84877916459993,48.105618384576616,0.330900185306867,2_factor_constrain_group
0,309.42165269544233,1040.5776179957875,1030.7914786614292,51.313775831653224,0.17539731509750708,3_factor_unconstrain
0,-94.7361320028414,450.9138414129906,467.757354905632,49.42591513356855,0.3339544555172324,2_factor_unconstrain
0,433.5324737854239,759.3568751341079,758.3068269322782,50.01435310609879,0.17680261616284648,3_factor_constrain_group
0,-62.4303286470127,512.6287743795883,530.1799723981765,48.14478326612903,0.4229042847951253,2_factor_constrain_indiv
0,47.98257698235164,559.0713260103053,562.2242115598359,48.17024477066532,0.2824658337670068,3_factor_constrain_indiv
