,cvar_05,expected_wealth,median_wealth,qsum_avg,p_med_avg,portfolio
0,199.0722819348477,1968.339387068473,1349.7426285582792,53.23718655493952,0.5000003019968668,2_factor_constrain_group
0,428.972264579549,853.7670183079894,817.4306907306604,52.604019657258064,0.033614637944035124,5_factor_constrain_group
0,-142.27918424522494,467.45236390129816,160.274684009643,52.08775674143145,0.4394184688727061,2basic_NN
0,163.53663755039292,414.11326148414213,351.16780868731735,51.90067808089718,0.2586350196351608,2_factor_constrain_indiv
0,294.61878583826245,692.8318990359855,606.3927777567148,51.75708401587702,0.06969536354881711,5_factor_constrain_indiv
0,436.5470559244363,836.6747617184794,774.4914727734922,52.10225160660282,0.22904013693332673,2_factor_unconstrain
0,-100.40644020311764,62.937534802365725,23.544900116987755,50.759261592741936,0.22209338583052157,3basic_NN
0,723.3258961763535,1287.150862510951,1225.5036075713233,53.58329526839718,3.303128102938313e-06,5_factor_unconstrain
