,cvar_05,expected_wealth,median_wealth,portfolio
0,-322.7571246767781,1000.3278755462585,733.6113376673641,2_factor_constrain_group
0,-219.39480690898858,4973.847408880247,3339.403432535962,5_factor_constrain_group
0,-400.5783006953572,824.4862807977031,581.747974404808,2basic_NN
0,-322.7571246767781,1000.3278755462585,733.6113376673641,2_factor_constrain_indiv
0,-219.39480690898858,4973.847408880247,3339.403432535962,5_factor_constrain_indiv
0,-299.53213660369306,932.1998884201488,686.2052183253318,2_factor_unconstrain
0,-424.38158253437274,548.430619565335,353.8355697869991,3basic_NN
0,-219.39480690898858,4973.847408880247,3339.403432535962,5_factor_unconstrain
