,kappa,cvar_05,expected_wealth,median_wealth,portfolio
0,1.0,-195.50895930099082,1121.2086969284844,913.5981449464056,2_factor_constrain_indiv
0,1.0,-160.48826639580275,1011.5336873625768,846.3315480446447,3_factor_constrain_indiv
0,1.0,-242.54788524615043,928.0406076148151,802.9397371901745,2basic_NN
0,1.0,-195.50895930099082,1121.2086969284844,913.5981449464056,2_factor_constrain_group
0,1.0,-304.1738771143951,585.704587708372,476.43165738821176,3basic_NN
0,1.0,-160.48826639580275,1011.5336873625768,846.3315480446447,3_factor_constrain_group
0,1.0,-178.5545024151206,962.7885383685973,798.3973006741442,2_factor_unconstrain
