{"benchmark_W_mean_train": [[1000.0, 1013.0553438179194, 1026.695450723361, 1041.2249654655297, 1056.0845462666175, 1072.5002438525903, 1089.8902389784084, 1107.840843973675, 1126.8610277164885, 1146.7876518588753, 1168.181860863909, 1190.5361738779488, 1214.2841916946666, 1301.1346770486116, 1396.0739511997394, 1499.9194178768169, 1616.4084985958054, 1744.504495568155, 1886.9146275225116, 2043.6786471255139, 2217.796966134559, 2411.9942683928784, 2625.426873853291, 2862.0162044871613, 3123.0650923339767, 3413.1217659387307, 3731.457789652442, 4081.758271617057, 4473.814205732761, 4910.968537391482, 5354.986675536277]], "benchmark_W_std_train": [[0.0, 97.85796284133745, 144.35439417446224, 183.69403713392333, 220.3694959432914, 256.1085633004854, 291.8231229745617, 327.3162855210117, 363.77502204868995, 401.86370294925746, 441.3747608842276, 482.63792199329873, 525.7943220449371, 634.8213721437751, 752.3579428553913, 882.5672481609873, 1030.531628211801, 1196.2564378602344, 1382.767895628285, 1592.600110555753, 1831.424271036292, 2098.6556593643045, 2395.089862306304, 2739.8403347276276, 3123.607500575782, 3560.5160508270806, 4041.649762584742, 4589.899745152252, 5221.177026878935, 5933.238841813058, 6747.843443054885]], "benchmark_W_mean_train_post_withdraw": [[960.0, 973.0553438179194, 986.6954507233611, 1001.2249654655297, 1016.0845462666176, 1032.50024385259, 1049.8902389784084, 1067.840843973675, 1086.8610277164885, 1106.787651858875, 1128.181860863909, 1150.5361738779486, 1174.2841916946666, 1261.1346770486116, 1356.0739511997394, 1459.919417876817, 1576.4084985958054, 1704.504495568155, 1846.9146275225116, 2003.678647125514, 2177.796966134559, 2371.9942683928784, 2585.42687385329, 2822.0162044871613, 3083.0650923339767, 3373.1217659387307, 3691.457789652442, 4041.758271617057, 4433.814205732761, 4870.968537391482, 0.0]], "benchmark_W_std_train_post_withdraw": [[0.0, 97.85796284133745, 144.35439417446224, 183.69403713392333, 220.3694959432914, 256.10856330048534, 291.8231229745617, 327.3162855210117, 363.77502204868995, 401.86370294925746, 441.3747608842276, 482.63792199329873, 525.7943220449371, 634.8213721437751, 752.3579428553913, 882.5672481609873, 1030.531628211801, 1196.2564378602344, 1382.767895628285, 1592.600110555753, 1831.424271036292, 2098.6556593643045, 2395.089862306304, 2739.8403347276276, 3123.607500575782, 3560.5160508270806, 4041.649762584742, 4589.899745152252, 5221.177026878935, 5933.238841813058, 0.0]]}