{"benchmark_W_mean_train": [[1000.0, 1030.3806725272607, 1063.511619858773, 1098.1439086488065, 1135.1717141257946, 1175.3681524746607, 1219.2200496657242, 1266.1655598875145, 1316.3615481344152, 1370.5497521123605, 1428.4976196431987, 1412.6729217752704, 1397.326080817957, 1381.421332278512, 1365.80479326555, 1350.077164541701, 1333.6510631417289, 1316.741705917263, 1300.403956745837, 1283.7356030385329, 1266.4038001353417, 1249.1435295561623, 1231.119835465763, 1212.9147800696614, 1194.2546424730906, 1175.149690986668, 1155.9099463795446, 1136.4196222103546, 1116.6269487548986, 1096.045587373857, 1035.0895544199634]], "benchmark_W_std_train": [[0.0, 155.43269865478604, 232.5690679071098, 300.0235694346629, 366.6031549590003, 434.77254198168504, 505.9299312422416, 580.3394028529246, 659.1643115251748, 744.2862433362836, 834.1841707872682, 856.876317852272, 882.869104960077, 908.6492082921084, 935.1092891380675, 962.5594582879705, 988.5768079081254, 1014.6411831202897, 1043.1458413532437, 1071.0903963982907, 1099.2668926285344, 1129.8445810809567, 1158.5437523671674, 1187.3655769706675, 1217.2962717476844, 1246.336950561082, 1278.7488954478713, 1311.6929122526576, 1341.4855860207751, 1373.3278171761237, 1403.9544159306727]], "benchmark_W_mean_train_post_withdraw": [[960.0, 990.3806725272606, 1023.5116198587731, 1058.1439086488065, 1095.1717141257948, 1135.3681524746607, 1179.2200496657242, 1226.165559887515, 1276.361548134415, 1330.5497521123605, 1388.4976196431987, 1372.6729217752704, 1357.3260808179575, 1341.4213322785117, 1325.8047932655497, 1310.0771645417008, 1293.6510631417286, 1276.741705917263, 1260.4039567458371, 1243.7356030385329, 1226.4038001353417, 1209.1435295561623, 1191.1198354657631, 1172.9147800696614, 1154.2546424730906, 1135.1496909866682, 1115.9099463795446, 1096.4196222103546, 1076.6269487548986, 1056.0455873738567, 0.0]], "benchmark_W_std_train_post_withdraw": [[0.0, 155.432698654786, 232.5690679071098, 300.0235694346629, 366.6031549590003, 434.77254198168504, 505.9299312422416, 580.3394028529246, 659.1643115251748, 744.2862433362836, 834.1841707872682, 856.876317852272, 882.869104960077, 908.6492082921084, 935.1092891380675, 962.5594582879705, 988.5768079081253, 1014.6411831202897, 1043.1458413532437, 1071.0903963982907, 1099.2668926285344, 1129.8445810809567, 1158.5437523671671, 1187.3655769706675, 1217.2962717476844, 1246.336950561082, 1278.7488954478713, 1311.6929122526576, 1341.4855860207751, 1373.327817176124, 0.0]]}