{"benchmark_W_mean_train": [[1000.0, 1062.441866536015, 1136.5677780035594, 1158.9584349764523, 1168.5822145993486, 1150.7795412810813, 1158.6096036415456, 1183.1510549774953, 1202.2213126440345, 1224.711338763544, 1266.9664033356244, 1328.1102660192596, 1391.322289812346, 1334.5318038656758, 1269.4960593583087, 1279.5864492233009, 1206.6157408855086, 1191.528080561278, 1275.2924808271625, 1249.170425117075, 1451.5385681956566, 1489.8966142968204, 1479.5330607152314, 1530.7463189176683, 1613.0292877252534, 1592.4483753835252, 1545.9446073890215, 1535.0935918137097, 1745.959768813537, 1896.3343703003964, 2167.6613730178988]], "benchmark_W_std_train": [[0.0, 69.97236563285459, 84.19096378800481, 142.2129762952375, 198.36294347380678, 193.22166682344752, 192.46610940645175, 229.81826250344446, 252.31490790462263, 311.8072870863047, 402.08625871771926, 484.37924317641836, 645.3331768790049, 665.4273893789738, 612.3385083911508, 674.2233530023385, 641.0147464266029, 628.4215354754816, 821.6912949640306, 862.540162905077, 1270.4729408071005, 1342.3608243138015, 1369.9723524222886, 1539.5579302340377, 1745.2760974249727, 1736.5028716321297, 1520.9439725426428, 1504.5661081849983, 1954.4378945128283, 2083.464172948015, 2593.7499890337394]], "benchmark_W_mean_train_post_withdraw": [[960.0, 1022.4418665360147, 1096.5677780035594, 1118.9584349764523, 1128.5822145993488, 1110.7795412810813, 1118.6096036415456, 1143.1510549774953, 1162.2213126440345, 1184.711338763544, 1226.9664033356244, 1288.1102660192596, 1351.322289812346, 1294.5318038656758, 1229.4960593583087, 1239.5864492233009, 1166.6157408855086, 1151.528080561278, 1235.2924808271625, 1209.170425117075, 1411.5385681956566, 1449.8966142968204, 1439.5330607152314, 1490.7463189176685, 1573.0292877252534, 1552.4483753835252, 1505.9446073890215, 1495.0935918137097, 1705.959768813537, 1856.3343703003964, 0.0]], "benchmark_W_std_train_post_withdraw": [[0.0, 69.97236563285459, 84.19096378800481, 142.2129762952375, 198.36294347380678, 193.22166682344752, 192.46610940645175, 229.81826250344446, 252.31490790462263, 311.8072870863047, 402.08625871771926, 484.37924317641836, 645.3331768790049, 665.4273893789738, 612.3385083911508, 674.2233530023385, 641.0147464266029, 628.4215354754816, 821.6912949640306, 862.540162905077, 1270.4729408071005, 1342.3608243138015, 1369.9723524222886, 1539.5579302340375, 1745.2760974249727, 1736.5028716321297, 1520.9439725426428, 1504.5661081849983, 1954.4378945128283, 2083.464172948015, 0.0]]}