{"benchmark_W_mean_train": [[1000.0, 996.8689162050254, 994.1042802952662, 990.9699500017151, 987.6655312926522, 984.4850782416996, 981.3445353440466, 978.1038677570128, 974.6335811301292, 971.1031164290515, 967.3224129790173, 963.0915893328593, 958.4870159539486, 953.5928732227901, 949.0961912207351, 944.5357682456569, 939.5576516986127, 934.2352527652157, 929.1550841869494, 923.829407251506, 918.202099550654, 912.4275413079541, 906.215238949687, 900.0144331818295, 893.6509468396946, 886.8528447346368, 879.8256404158126, 873.0044815705778, 866.0189758923149, 858.3171265858062, 810.5634553956887]], "benchmark_W_std_train": [[0.0, 92.29697907319085, 135.38209065996497, 169.58751189493918, 199.97367664122368, 228.68202064592984, 256.39356324724054, 283.3331623479533, 309.6833869310334, 335.90009534559255, 362.17978903298626, 388.83705867373124, 415.4381425227431, 442.1500857636193, 470.3370358148259, 499.3124416163048, 528.0935716452716, 557.5298609281668, 588.7487547357916, 620.7701229243955, 653.2508125424681, 687.8134092874479, 722.6594357649276, 759.425863939328, 796.5888450887086, 835.0861618370473, 875.7374029975006, 917.5358365378536, 961.4487023290342, 1004.6748733494597, 1049.552937713863]], "benchmark_W_mean_train_post_withdraw": [[960.0, 956.8689162050254, 954.1042802952662, 950.9699500017151, 947.6655312926522, 944.4850782416996, 941.3445353440466, 938.1038677570128, 934.6335811301292, 931.1031164290516, 927.3224129790173, 923.0915893328593, 918.4870159539486, 913.5928732227901, 909.0961912207352, 904.5357682456569, 899.5576516986127, 894.2352527652157, 889.1550841869494, 883.829407251506, 878.2020995506538, 872.4275413079541, 866.215238949687, 860.0144331818295, 853.6509468396946, 846.852844734637, 839.8256404158126, 833.0044815705778, 826.0189758923149, 818.3171265858062, 0.0]], "benchmark_W_std_train_post_withdraw": [[0.0, 92.29697907319085, 135.38209065996497, 169.58751189493918, 199.97367664122368, 228.68202064592984, 256.39356324724054, 283.3331623479533, 309.6833869310334, 335.90009534559255, 362.17978903298626, 388.83705867373124, 415.4381425227431, 442.1500857636193, 470.33703581482587, 499.3124416163048, 528.0935716452716, 557.5298609281668, 588.7487547357916, 620.7701229243955, 653.2508125424681, 687.8134092874479, 722.6594357649276, 759.425863939328, 796.5888450887086, 835.0861618370473, 875.7374029975006, 917.5358365378536, 961.4487023290342, 1004.6748733494597, 0.0]]}