{"benchmark_W_mean_train": [[1000.0, 1011.512674560521, 1026.2681174309432, 1041.9148235797247, 1057.5603354502468, 1074.1960377924001, 1093.7208693388748, 1113.7725233666147, 1134.3205693530613, 1159.4972989678413, 1182.3883599805033, 1208.5530040161489, 1233.7384942118108, 1263.8448200563466, 1293.9511994124143, 1326.6065884736406, 1360.1559659471102, 1399.5040207398586, 1438.311543519319, 1478.1791229874325, 1470.966774606206, 1468.0922109920546, 1463.770180973476, 1460.952547875128, 1455.730088190794, 1450.148676145761, 1444.7542447195415, 1443.2166476582138, 1436.5868791237983, 1428.4298609147372, 1380.5368698915129]], "benchmark_W_std_train": [[0.0, 76.8409515835442, 111.96985411866325, 140.66744164040898, 168.1924606051586, 196.89897720171547, 222.8152029072241, 250.38319867909493, 274.1579556798047, 303.44077943552395, 329.4483703554581, 357.9906288376409, 388.73468243800795, 425.6594515965467, 461.30785807257183, 501.60760037745234, 539.894099117071, 582.1849442946408, 626.6202771393624, 675.8192969751678, 703.0921463487679, 735.0891545124223, 765.6838611776612, 799.101134953434, 831.0046483255061, 866.2700024418014, 888.8385920467347, 921.4762566956166, 951.2444030990519, 979.2805325366054, 1007.8281775337433]], "benchmark_W_mean_train_post_withdraw": [[960.0, 971.5126745605208, 986.2681174309433, 1001.9148235797247, 1017.560335450247, 1034.1960377924001, 1053.7208693388748, 1073.7725233666147, 1094.3205693530613, 1119.4972989678413, 1142.3883599805033, 1168.5530040161489, 1193.7384942118108, 1223.8448200563466, 1253.9511994124143, 1286.6065884736406, 1320.1559659471102, 1359.5040207398586, 1398.311543519319, 1438.1791229874325, 1430.966774606206, 1428.0922109920546, 1423.770180973476, 1420.952547875128, 1415.730088190794, 1410.148676145761, 1404.7542447195415, 1403.2166476582138, 1396.5868791237983, 1388.4298609147372, 0.0]], "benchmark_W_std_train_post_withdraw": [[0.0, 76.84095158354421, 111.96985411866325, 140.66744164040898, 168.1924606051586, 196.89897720171547, 222.8152029072241, 250.38319867909493, 274.1579556798047, 303.44077943552395, 329.4483703554581, 357.9906288376409, 388.73468243800795, 425.6594515965467, 461.30785807257183, 501.60760037745234, 539.894099117071, 582.1849442946408, 626.6202771393624, 675.8192969751678, 703.0921463487679, 735.0891545124223, 765.6838611776612, 799.101134953434, 831.0046483255061, 866.2700024418014, 888.8385920467347, 921.4762566956166, 951.2444030990519, 979.2805325366054, 0.0]]}