{"benchmark_W_mean_train": [[1000.0, 1013.9686074989099, 1028.5361420848574, 1044.0057836682643, 1059.913813412093, 1077.4494241191383, 1095.9880963219853, 1115.2514810138834, 1135.6273058940126, 1157.0367790409732, 1179.974963527324, 1203.9867918088555, 1229.5080610466953, 1218.3583053330624, 1206.927080109223, 1195.5214677007427, 1184.2444608897806, 1172.5568957728176, 1160.3947391102106, 1148.0959416714736, 1135.933377481673, 1123.2331418444849, 1109.4933683133752, 1095.8514140480513, 1082.157305162311, 1067.4945155248574, 1052.8183367789131, 1037.4421858075239, 1021.6979479392942, 1005.8400339382434, 949.9717120279637]], "benchmark_W_std_train": [[0.0, 95.62676979712678, 140.8952699559849, 179.26894188462074, 215.07698782252663, 249.98964716738985, 285.16057811859724, 320.07121484355025, 355.8684872574199, 393.4436807056011, 432.4038381453385, 473.07260243151103, 515.7811303601299, 540.735118598087, 566.0943619689193, 592.4514369248669, 619.5384533914624, 646.2795045736145, 673.4227033654097, 700.7120876467833, 729.490425846087, 757.1098520061033, 784.9351135655728, 813.6338847941947, 843.350077255523, 872.025916527206, 901.8019521432796, 931.9402807484192, 962.2685594629829, 993.4290683900166, 1026.6276671805788]], "benchmark_W_mean_train_post_withdraw": [[960.0, 973.9686074989099, 988.5361420848576, 1004.0057836682643, 1019.9138134120932, 1037.4494241191383, 1055.9880963219853, 1075.2514810138834, 1095.6273058940126, 1117.0367790409732, 1139.9749635273238, 1163.9867918088555, 1189.508061046695, 1178.3583053330624, 1166.927080109223, 1155.5214677007427, 1144.2444608897806, 1132.5568957728176, 1120.3947391102106, 1108.0959416714736, 1095.9333774816732, 1083.2331418444853, 1069.4933683133756, 1055.8514140480513, 1042.157305162311, 1027.4945155248574, 1012.8183367789131, 997.4421858075239, 981.6979479392942, 965.8400339382434, 0.0]], "benchmark_W_std_train_post_withdraw": [[0.0, 95.62676979712678, 140.8952699559849, 179.26894188462074, 215.07698782252663, 249.98964716738985, 285.16057811859724, 320.07121484355025, 355.8684872574199, 393.4436807056011, 432.4038381453385, 473.07260243151103, 515.7811303601299, 540.735118598087, 566.0943619689193, 592.4514369248669, 619.5384533914624, 646.2795045736145, 673.4227033654097, 700.7120876467833, 729.490425846087, 757.1098520061032, 784.9351135655728, 813.6338847941947, 843.350077255523, 872.025916527206, 901.8019521432796, 931.9402807484192, 962.2685594629829, 993.4290683900166, 0.0]]}