{"benchmark_W_mean_train": [[1000.0, 997.4775092153308, 995.0585236057268, 991.9584076033102, 988.6059536827819, 985.4697558911929, 982.3882674123541, 978.7662416617261, 975.2285900245223, 971.4459256418011, 967.732047973142, 963.615797575274, 959.1883971926113, 954.7282508273132, 949.9204714912499, 945.207495341023, 940.2468146216395, 935.120047357844, 929.7609354890708, 924.2086888691985, 918.6315590019502, 912.6371632743834, 906.2336486121635, 899.773636278964, 893.1395830832577, 886.2770470100523, 879.1773509154733, 871.5288468421103, 864.2057830651454, 856.477054666947, 808.1706015737759]], "benchmark_W_std_train": [[0.0, 84.07789093282383, 123.40479965412968, 154.55056495452718, 182.63372703373412, 208.6660842375681, 233.8534625151199, 258.1970223730939, 282.36900416402216, 306.4876923810936, 330.44474641386086, 354.6761986278355, 378.51803717305893, 403.2069183409272, 428.1295191101184, 454.1357795057728, 480.6055191992211, 507.540722442624, 535.1019563371979, 564.0224858346946, 593.6261684862548, 623.8884835390387, 655.0331364686366, 687.7512651829535, 721.2995022619552, 755.7037995628315, 790.8449762365129, 826.8119536551256, 865.4930157363425, 905.6000260258667, 946.0051394956695]], "benchmark_W_mean_train_post_withdraw": [[960.0, 957.4775092153308, 955.0585236057268, 951.9584076033102, 948.6059536827819, 945.4697558911929, 942.3882674123541, 938.7662416617261, 935.2285900245223, 931.4459256418011, 927.732047973142, 923.615797575274, 919.1883971926113, 914.7282508273132, 909.9204714912499, 905.207495341023, 900.2468146216395, 895.1200473578439, 889.7609354890709, 884.2086888691986, 878.6315590019502, 872.6371632743833, 866.2336486121635, 859.773636278964, 853.1395830832577, 846.2770470100525, 839.1773509154735, 831.5288468421103, 824.2057830651454, 816.477054666947, 0.0]], "benchmark_W_std_train_post_withdraw": [[0.0, 84.07789093282383, 123.40479965412968, 154.55056495452718, 182.63372703373412, 208.6660842375681, 233.8534625151199, 258.1970223730939, 282.36900416402216, 306.4876923810936, 330.44474641386086, 354.6761986278355, 378.51803717305893, 403.2069183409272, 428.1295191101184, 454.1357795057728, 480.6055191992211, 507.540722442624, 535.1019563371979, 564.0224858346946, 593.6261684862548, 623.8884835390389, 655.0331364686366, 687.7512651829535, 721.2995022619552, 755.7037995628315, 790.8449762365129, 826.8119536551256, 865.4930157363425, 905.6000260258667, 0.0]]}