{"benchmark_W_mean_train": [[1000.0, 1010.2951146403352, 1022.4863484295162, 1034.8087799861758, 1048.037326285617, 1062.2774853453313, 1077.6911833448182, 1093.7960583685242, 1110.267765251884, 1127.7953509314038, 1147.209293931923, 1166.1743938737172, 1186.25967465464, 1206.9628729705498, 1228.837547534987, 1217.7482854127957, 1205.6528015720326, 1194.5125150077358, 1183.5941890240977, 1172.510457366649, 1161.1814275913791, 1147.8025613169298, 1134.2521334256094, 1121.8181068260176, 1109.7859072939182, 1095.2803268355608, 1082.372905399265, 1067.1604207188484, 1052.3195098361136, 1038.160789316946, 981.9691175141209]], "benchmark_W_std_train": [[0.0, 95.53990198577624, 140.4584667900453, 177.96680856422972, 212.5986978788465, 245.16790696021505, 278.7975564726864, 312.5226269555453, 346.38828276231595, 383.8859528972716, 421.07154283613835, 459.0152491057903, 498.8129363341813, 540.642287185796, 583.8411883965736, 609.9532256983622, 635.1698710760597, 662.2525556913595, 691.2913162774291, 720.3185686172294, 751.6739484464641, 778.7518934518744, 805.7709743131029, 834.0586300066907, 865.4123384734646, 896.0763783849936, 929.8978092736672, 960.9043324255383, 992.2841629527138, 1027.4237817260396, 1059.770439243577]], "benchmark_W_mean_train_post_withdraw": [[960.0, 970.2951146403352, 982.4863484295162, 994.8087799861758, 1008.037326285617, 1022.2774853453313, 1037.6911833448182, 1053.796058368524, 1070.267765251884, 1087.7953509314038, 1107.209293931923, 1126.1743938737172, 1146.25967465464, 1166.9628729705498, 1188.837547534987, 1177.7482854127957, 1165.6528015720326, 1154.5125150077358, 1143.5941890240977, 1132.510457366649, 1121.1814275913791, 1107.8025613169298, 1094.2521334256094, 1081.8181068260176, 1069.7859072939182, 1055.2803268355608, 1042.372905399265, 1027.1604207188484, 1012.3195098361139, 998.1607893169461, 0.0]], "benchmark_W_std_train_post_withdraw": [[0.0, 95.53990198577624, 140.4584667900453, 177.96680856422972, 212.5986978788465, 245.16790696021505, 278.7975564726864, 312.5226269555453, 346.38828276231595, 383.8859528972716, 421.07154283613835, 459.0152491057903, 498.8129363341813, 540.642287185796, 583.8411883965736, 609.9532256983622, 635.1698710760597, 662.2525556913595, 691.2913162774291, 720.3185686172294, 751.6739484464641, 778.7518934518744, 805.7709743131029, 834.0586300066907, 865.4123384734646, 896.0763783849936, 929.8978092736672, 960.9043324255383, 992.2841629527138, 1027.4237817260394, 0.0]]}