{"benchmark_W_mean_train": [[1000.0, 1016.1197782295743, 1032.9213741926105, 1050.7533371446857, 1069.2368533533452, 1089.5168521832263, 1111.0721822891, 1133.440464332064, 1157.1479020311074, 1182.2219828682514, 1209.041679507618, 1237.2819218065126, 1226.7165272917916, 1215.8264000594436, 1204.3575015155711, 1192.9163806232598, 1181.5672724398892, 1169.8024837960024, 1157.5706569403483, 1145.207145519488, 1132.9921495500148, 1120.259694109206, 1106.4004147559822, 1092.7172413976257, 1078.982301064594, 1064.2792406616472, 1049.5949184022409, 1034.2453762883497, 1018.4524511295275, 1002.5518596678648, 946.602944399095]], "benchmark_W_std_train": [[0.0, 105.21093505383043, 154.71725085227578, 197.02171734294146, 236.84452325444548, 276.00699370061835, 315.41762196318393, 354.8430457646333, 395.51773961084405, 438.4943747186204, 483.18764910901893, 530.2542679793014, 555.7668528012723, 582.100538032825, 607.8645005485342, 634.6792723948313, 662.3177034369598, 689.7378147302019, 717.6266131379449, 745.6635301232558, 775.2274783606099, 804.0132076708522, 832.5536348682714, 862.2735731085819, 893.0035375381289, 922.7268540752278, 953.7237423976708, 985.5247792718893, 1016.8151781337058, 1048.910321660776, 1083.0725906881999]], "benchmark_W_mean_train_post_withdraw": [[960.0, 976.1197782295743, 992.9213741926106, 1010.7533371446858, 1029.2368533533452, 1049.5168521832263, 1071.0721822891, 1093.440464332064, 1117.1479020311072, 1142.2219828682514, 1169.041679507618, 1197.2819218065126, 1186.716527291792, 1175.8264000594438, 1164.3575015155716, 1152.9163806232596, 1141.5672724398892, 1129.8024837960022, 1117.5706569403483, 1105.207145519488, 1092.9921495500148, 1080.259694109206, 1066.400414755982, 1052.7172413976252, 1038.982301064594, 1024.279240661647, 1009.5949184022411, 994.2453762883496, 978.4524511295275, 962.5518596678648, 0.0]], "benchmark_W_std_train_post_withdraw": [[0.0, 105.21093505383043, 154.71725085227578, 197.02171734294146, 236.84452325444548, 276.00699370061835, 315.41762196318393, 354.8430457646333, 395.51773961084405, 438.4943747186204, 483.18764910901893, 530.2542679793014, 555.7668528012723, 582.100538032825, 607.8645005485341, 634.6792723948313, 662.3177034369598, 689.7378147302019, 717.6266131379449, 745.6635301232558, 775.2274783606099, 804.0132076708522, 832.5536348682714, 862.2735731085819, 893.0035375381289, 922.7268540752278, 953.7237423976708, 985.5247792718893, 1016.8151781337058, 1048.910321660776, 0.0]]}