{"benchmark_W_mean_train": [[1000.0, 1013.9338948547261, 1029.2022572683813, 1045.3087037635164, 1062.3535126629413, 1079.6279050705675, 1098.2454848628117, 1118.2176370996906, 1139.221146757261, 1160.7725882176167, 1183.6495952430207, 1208.3287754000341, 1234.0929962978419, 1227.063022267487, 1220.3572458527444, 1213.8518538842495, 1206.6140761302095, 1199.4158221229745, 1191.7216687692298, 1184.260416821714, 1176.751503934976, 1169.0224928832668, 1161.049086192702, 1152.3529418007665, 1143.8542331510287, 1134.9497261315444, 1126.0962043738841, 1117.3737679623225, 1107.5715332270015, 1098.0626773928798, 1048.790547539696]], "benchmark_W_std_train": [[0.0, 111.11759767061301, 164.5304799754384, 209.58351411141777, 252.09399703144314, 293.1967747887157, 333.98579022109976, 376.31408945880315, 419.5114046422333, 464.0244723801961, 510.8058804540725, 559.1812877619059, 610.0724584918906, 640.4299376773167, 672.9094065751523, 705.6732496570476, 737.8256832552584, 771.8912097260257, 804.1043850024525, 838.9011038282176, 875.9819729445619, 913.2592557469959, 951.589729323203, 990.8622096919775, 1030.2043510599465, 1070.7529706493606, 1113.3865863651763, 1158.331923616258, 1201.196852103016, 1246.5126619450941, 1295.4472136621473]], "benchmark_W_mean_train_post_withdraw": [[960.0, 973.9338948547261, 989.2022572683816, 1005.3087037635169, 1022.3535126629415, 1039.6279050705673, 1058.2454848628115, 1078.2176370996906, 1099.221146757261, 1120.7725882176167, 1143.6495952430205, 1168.328775400034, 1194.0929962978419, 1187.063022267487, 1180.3572458527444, 1173.8518538842495, 1166.6140761302095, 1159.4158221229743, 1151.7216687692298, 1144.2604168217142, 1136.7515039349762, 1129.0224928832668, 1121.049086192702, 1112.3529418007663, 1103.8542331510287, 1094.9497261315444, 1086.0962043738841, 1077.3737679623225, 1067.5715332270015, 1058.0626773928798, 0.0]], "benchmark_W_std_train_post_withdraw": [[0.0, 111.11759767061301, 164.5304799754384, 209.58351411141777, 252.09399703144314, 293.1967747887157, 333.98579022109976, 376.31408945880315, 419.5114046422333, 464.0244723801961, 510.8058804540725, 559.1812877619059, 610.0724584918906, 640.4299376773167, 672.9094065751523, 705.6732496570476, 737.8256832552584, 771.8912097260257, 804.1043850024525, 838.9011038282176, 875.9819729445619, 913.2592557469959, 951.589729323203, 990.8622096919775, 1030.2043510599465, 1070.7529706493606, 1113.3865863651763, 1158.331923616258, 1201.196852103016, 1246.5126619450941, 0.0]]}