{"benchmark_W_mean_train": [[1000.0, 1023.0872325815013, 1027.7793798695297, 1057.6090186892482, 1058.4312506080898, 1056.696741595033, 1072.4417687594607, 1136.5686157588327, 1168.3778280612592, 1195.1718501205419, 1229.3721808676123, 1223.9529546527583, 1245.2333380363984, 1248.6715291296243, 1265.0673359198693, 1254.126039307399, 1273.6863869283488, 1269.7481707232243, 1295.1384678975267, 1306.3702228500438, 1420.4749188900116, 1463.523206437834, 1515.9009894997146, 1527.2079740323102, 1576.5108775199635, 1659.8350564609905, 1668.3873513339681, 1774.6619282258048, 1787.6492020974056, 1833.5720981115603, 1874.4217292182743]], "benchmark_W_std_train": [[0.0, 88.17589237135286, 106.18537636957267, 121.84167774602615, 163.5557296377368, 160.65948972425502, 168.8094932697769, 216.39202343386012, 233.29507297675144, 241.49985320437892, 294.53807133520786, 278.67141205950526, 297.03002879054935, 299.7634913887896, 295.23018732601287, 338.34683495134635, 340.3386885321757, 343.10626771378367, 370.6649978145798, 467.9890515086058, 581.3977552597876, 675.6416039403865, 629.6347444227916, 536.5886337873857, 612.955008235507, 720.5625546525577, 739.5922941567591, 934.9612794570423, 976.375437050901, 1121.0404026033934, 1127.2344684211312]], "benchmark_W_mean_train_post_withdraw": [[960.0, 983.0872325815013, 987.7793798695299, 1017.6090186892482, 1018.4312506080896, 1016.696741595033, 1032.4417687594607, 1096.5686157588327, 1128.3778280612592, 1155.1718501205419, 1189.3721808676123, 1183.9529546527583, 1205.2333380363984, 1208.6715291296243, 1225.0673359198693, 1214.126039307399, 1233.6863869283488, 1229.7481707232243, 1255.1384678975267, 1266.3702228500438, 1380.4749188900116, 1423.523206437834, 1475.9009894997146, 1487.2079740323102, 1536.5108775199635, 1619.8350564609902, 1628.3873513339681, 1734.6619282258048, 1747.6492020974056, 1793.5720981115603, 0.0]], "benchmark_W_std_train_post_withdraw": [[0.0, 88.17589237135286, 106.18537636957265, 121.84167774602615, 163.55572963773682, 160.65948972425502, 168.8094932697769, 216.39202343386012, 233.29507297675144, 241.49985320437892, 294.53807133520786, 278.67141205950526, 297.03002879054935, 299.7634913887896, 295.23018732601287, 338.34683495134635, 340.3386885321757, 343.10626771378367, 370.6649978145798, 467.9890515086058, 581.3977552597876, 675.6416039403865, 629.6347444227916, 536.5886337873857, 612.955008235507, 720.5625546525577, 739.5922941567591, 934.9612794570423, 976.375437050901, 1121.0404026033934, 0.0]]}