{"benchmark_W_mean_train": [[1000.0, 1016.6965701643985, 1034.086901814178, 1051.9804289428478, 1070.6130344387575, 1090.753924828826, 1112.2283904365324, 1134.637949294886, 1158.7164890465156, 1183.9231233496648, 1211.1643660192724, 1239.3272771998409, 1228.107441310043, 1217.321518199127, 1206.2291652768854, 1194.868607807957, 1183.2097350437843, 1171.205326928485, 1159.0332927334555, 1146.6589780482536, 1134.0220525010677, 1121.0434344097, 1107.5848508907543, 1093.6138294550299, 1079.452103033927, 1065.0443083164425, 1050.3009754877846, 1035.0069436235485, 1019.9483739950906, 1004.1217228837139, 948.1501453327259]], "benchmark_W_std_train": [[0.0, 105.93087844232274, 155.6936006509977, 197.7658679552404, 237.55249690129307, 276.4943092526747, 315.54666603459515, 355.4690877156961, 396.6207792166821, 439.77519438585597, 484.8318682197792, 532.070359652138, 556.3319366883663, 582.8156710139662, 609.2590678067492, 636.130870138896, 663.148817618879, 689.4289919519022, 717.0585249902463, 745.4594324096917, 773.8478749546694, 803.1864269726282, 832.1685038152472, 861.3605940258711, 891.8255616857165, 921.8438664990127, 951.6586751774812, 982.9014841297148, 1015.7626494512016, 1049.0083031684237, 1083.3089747452957]], "benchmark_W_mean_train_post_withdraw": [[960.0, 976.6965701643985, 994.0869018141778, 1011.9804289428477, 1030.6130344387573, 1050.753924828826, 1072.2283904365327, 1094.637949294886, 1118.7164890465156, 1143.9231233496648, 1171.1643660192724, 1199.3272771998409, 1188.107441310043, 1177.321518199127, 1166.2291652768854, 1154.8686078079568, 1143.2097350437843, 1131.2053269284852, 1119.0332927334555, 1106.6589780482536, 1094.0220525010677, 1081.0434344097, 1067.5848508907545, 1053.6138294550299, 1039.4521030339272, 1025.0443083164425, 1010.3009754877847, 995.0069436235484, 979.9483739950906, 964.1217228837139, 0.0]], "benchmark_W_std_train_post_withdraw": [[0.0, 105.93087844232274, 155.6936006509977, 197.7658679552404, 237.55249690129307, 276.4943092526747, 315.54666603459515, 355.4690877156961, 396.6207792166821, 439.77519438585597, 484.8318682197792, 532.070359652138, 556.3319366883663, 582.8156710139662, 609.2590678067492, 636.130870138896, 663.148817618879, 689.4289919519022, 717.0585249902463, 745.4594324096917, 773.8478749546694, 803.1864269726282, 832.1685038152472, 861.3605940258711, 891.8255616857165, 921.8438664990127, 951.6586751774812, 982.9014841297148, 1015.7626494512016, 1049.0083031684237, 0.0]]}