{"benchmark_W_mean_train": [[1000.0, 1042.0070433820097, 1100.1170664659007, 1117.9154106290948, 1120.2909673733798, 1092.2624083294097, 1088.5468309955847, 1092.1721497031795, 1089.3769876527574, 1088.212374162285, 1110.0936753691792, 1143.8325397134172, 1171.6899138441395, 1122.0807557629325, 1104.8993273738881, 1100.7560464290732, 1025.2007042446112, 999.6532775261667, 1042.1609576752921, 1000.83971636214, 1151.285159506729, 1170.1171961821435, 1140.010469830016, 1171.1906880525798, 1201.014994285741, 1153.9985490347524, 1117.6238425404895, 1078.7461842854195, 1166.9797847815548, 1172.4631543484088, 1146.7171394968238]], "benchmark_W_std_train": [[0.0, 67.54977964653689, 92.85410050222133, 153.780955020178, 191.02311171208703, 173.4034582088808, 180.01873232451123, 219.74975258477775, 223.26050529548655, 262.9385637507691, 344.0534173515398, 414.3885174192265, 537.4858136121467, 534.2338467166801, 567.6570836234619, 593.0488627342049, 525.5857377969718, 504.9716433384512, 641.294103293081, 668.7303559979518, 959.8512470597254, 1006.5056612706612, 1024.592070996171, 1152.0611038650393, 1275.9729831457566, 1265.5117804035478, 1141.934433506408, 1120.6478884396845, 1337.9387358438494, 1326.644804901035, 1356.2573336029018]], "benchmark_W_mean_train_post_withdraw": [[960.0, 1002.0070433820098, 1060.1170664659007, 1077.9154106290948, 1080.2909673733798, 1052.2624083294097, 1048.5468309955847, 1052.1721497031795, 1049.3769876527574, 1048.212374162285, 1070.0936753691792, 1103.8325397134172, 1131.6899138441395, 1082.0807557629325, 1064.8993273738881, 1060.7560464290732, 985.2007042446112, 959.6532775261667, 1002.1609576752923, 960.83971636214, 1111.285159506729, 1130.1171961821435, 1100.010469830016, 1131.1906880525798, 1161.014994285741, 1113.9985490347524, 1077.6238425404895, 1038.7461842854195, 1126.9797847815548, 1132.4631543484088, 0.0]], "benchmark_W_std_train_post_withdraw": [[0.0, 67.54977964653689, 92.85410050222133, 153.780955020178, 191.02311171208703, 173.4034582088808, 180.01873232451123, 219.74975258477775, 223.26050529548655, 262.9385637507691, 344.0534173515398, 414.3885174192265, 537.4858136121467, 534.2338467166801, 567.6570836234619, 593.0488627342049, 525.5857377969718, 504.9716433384512, 641.2941032930809, 668.7303559979518, 959.8512470597254, 1006.5056612706612, 1024.592070996171, 1152.0611038650393, 1275.9729831457566, 1265.5117804035478, 1141.934433506408, 1120.6478884396845, 1337.9387358438494, 1326.644804901035, 0.0]]}