{"benchmark_W_mean_train": [[1000.0, 1010.4691464094909, 1025.209154609021, 1037.510530424967, 1056.9181530282008, 1070.5171087779675, 1085.5329469829812, 1104.4629852008088, 1126.52005833666, 1149.6207599420018, 1168.7519386103654, 1190.3113215368314, 1213.7009482068902, 1239.4617088656805, 1268.0327028463166, 1298.7291374027195, 1294.9121241986923, 1289.837614587655, 1287.2198357059078, 1275.9327973080476, 1263.4806987390327, 1256.6007212989123, 1243.3266154922076, 1235.2602587969018, 1225.7827574234482, 1217.174000053586, 1209.4533461250871, 1197.0375388438547, 1188.9423171788974, 1178.7590228213026, 1128.2347700489074]], "benchmark_W_std_train": [[0.0, 101.10305677710187, 144.9497346532206, 178.52558753514046, 213.14857242658405, 242.70920586050622, 272.0167824890556, 310.0974074004647, 348.48177776228204, 381.4016104125593, 410.82925586914604, 443.1551525530119, 481.61669302873406, 526.7381459780939, 569.3322402367628, 622.5173009634595, 654.8342208304139, 695.2651464923133, 735.2165894088724, 763.6778109079736, 796.1459677161705, 843.2120763362665, 860.5015865733134, 899.9065932041259, 932.5572413087003, 965.8811068028809, 1009.9442485350843, 1038.3880320153457, 1076.754539768504, 1108.7176329675087, 1141.6554814470137]], "benchmark_W_mean_train_post_withdraw": [[960.0, 970.4691464094909, 985.2091546090211, 997.5105304249671, 1016.9181530282009, 1030.5171087779675, 1045.5329469829812, 1064.4629852008088, 1086.52005833666, 1109.6207599420018, 1128.7519386103654, 1150.3113215368314, 1173.7009482068902, 1199.4617088656805, 1228.0327028463166, 1258.7291374027195, 1254.9121241986923, 1249.837614587655, 1247.2198357059078, 1235.9327973080476, 1223.4806987390327, 1216.6007212989123, 1203.3266154922076, 1195.2602587969018, 1185.7827574234482, 1177.174000053586, 1169.4533461250871, 1157.0375388438545, 1148.9423171788974, 1138.7590228213026, 0.0]], "benchmark_W_std_train_post_withdraw": [[0.0, 101.10305677710187, 144.9497346532206, 178.52558753514046, 213.14857242658405, 242.70920586050622, 272.0167824890556, 310.0974074004647, 348.48177776228204, 381.4016104125593, 410.82925586914604, 443.1551525530119, 481.61669302873406, 526.7381459780939, 569.3322402367628, 622.5173009634595, 654.8342208304139, 695.2651464923133, 735.2165894088724, 763.6778109079736, 796.1459677161705, 843.2120763362665, 860.5015865733134, 899.9065932041259, 932.5572413087003, 965.8811068028809, 1009.9442485350843, 1038.3880320153457, 1076.754539768504, 1108.7176329675087, 0.0]]}