{"benchmark_W_mean_train": [[1000.0, 1000.335940451211, 997.8807535735257, 994.7177526626268, 989.5538040857103, 985.1846684727552, 984.7291367666897, 980.9077686240514, 977.5429592041721, 972.0915958453537, 968.133909986274, 963.3411179459538, 961.1085125398793, 957.3298452824549, 951.6739251481853, 947.5260822690973, 942.0880816589836, 937.07712002896, 934.3434274524855, 925.0125138165971, 920.6032114456975, 918.6048985821562, 911.4097157402924, 900.3077440302192, 895.8856916488279, 886.4486675730507, 879.3630916446558, 871.6811150559772, 867.8651780754117, 862.8371661092417, 811.6349354011612]], "benchmark_W_std_train": [[0.0, 84.471450856303, 126.11116841066689, 156.7959151926382, 181.6318039157233, 205.89174833123175, 234.05459373693355, 258.0787803332924, 280.86519551197705, 303.41747259820676, 326.53602785774586, 352.8454153875466, 381.6388575668516, 410.8991812416059, 431.2192748244549, 454.88223572098843, 480.18508619503194, 507.1419994716846, 532.428218648108, 558.9508685187772, 591.1525763667742, 627.7465224357649, 660.1947102667173, 690.74132187777, 727.604701187978, 758.26249756312, 792.30679968766, 833.4856333958143, 878.0258581609312, 928.5634873162052, 960.7273993571182]], "benchmark_W_mean_train_post_withdraw": [[960.0, 960.335940451211, 957.8807535735257, 954.7177526626268, 949.5538040857103, 945.1846684727552, 944.7291367666897, 940.9077686240514, 937.5429592041721, 932.0915958453537, 928.133909986274, 923.3411179459538, 921.1085125398793, 917.3298452824549, 911.6739251481853, 907.5260822690973, 902.0880816589837, 897.07712002896, 894.3434274524855, 885.0125138165971, 880.6032114456975, 878.6048985821562, 871.4097157402924, 860.3077440302192, 855.8856916488279, 846.4486675730507, 839.3630916446558, 831.681115055977, 827.8651780754117, 822.8371661092417, 0.0]], "benchmark_W_std_train_post_withdraw": [[0.0, 84.471450856303, 126.11116841066689, 156.7959151926382, 181.6318039157233, 205.89174833123175, 234.05459373693355, 258.0787803332924, 280.86519551197705, 303.41747259820676, 326.53602785774586, 352.8454153875466, 381.6388575668516, 410.8991812416059, 431.2192748244549, 454.88223572098843, 480.1850861950319, 507.1419994716846, 532.428218648108, 558.9508685187772, 591.1525763667742, 627.7465224357649, 660.1947102667173, 690.74132187777, 727.604701187978, 758.26249756312, 792.30679968766, 833.4856333958143, 878.0258581609312, 928.5634873162052, 0.0]]}