{"benchmark_W_mean_train": [[1000.0, 1054.5087579451092, 1122.843986837323, 1141.324993776702, 1145.0426829156584, 1124.887413538025, 1127.4875173636933, 1145.6684703836806, 1156.9199975540166, 1169.7059735967418, 1204.9337710166292, 1255.1984720830008, 1303.1999722257146, 1259.9296352482786, 1240.4724782132994, 1253.2907407911225, 1190.8392733030828, 1179.2661997445716, 1252.5436859210938, 1221.197540654608, 1409.1649824005426, 1439.6574853642373, 1420.0506204827307, 1464.6143769033697, 1527.5518993643898, 1507.1207855655089, 1462.7449487096555, 1436.3304922593743, 1560.0466781513346, 1718.6732437568262, 1990.76573882679]], "benchmark_W_std_train": [[0.0, 70.4630092956903, 86.54094419025722, 148.19421702348822, 198.06576965446035, 188.83639394376561, 187.39772043859833, 225.41495903232408, 242.19491355810757, 296.2136066044879, 386.3305830652059, 462.9104590277687, 608.1155123694092, 611.1039991637568, 630.6758715412775, 681.0255931228047, 622.2964468316331, 604.5796453887929, 780.393908736448, 818.1368268949643, 1180.0408314895712, 1240.9062627980034, 1249.647999218858, 1391.9377926963584, 1569.8479815533801, 1578.06564658865, 1382.4791838417875, 1355.3784159303257, 1623.5997731949685, 1772.1964757790204, 2226.5266638171233]], "benchmark_W_mean_train_post_withdraw": [[960.0, 1014.5087579451092, 1082.843986837323, 1101.324993776702, 1105.0426829156584, 1084.887413538025, 1087.4875173636933, 1105.6684703836806, 1116.9199975540166, 1129.7059735967418, 1164.9337710166292, 1215.1984720830008, 1263.1999722257146, 1219.9296352482786, 1200.4724782132994, 1213.2907407911225, 1150.8392733030828, 1139.2661997445716, 1212.5436859210938, 1181.197540654608, 1369.1649824005426, 1399.6574853642373, 1380.0506204827307, 1424.6143769033697, 1487.5518993643898, 1467.1207855655089, 1422.7449487096555, 1396.3304922593745, 1520.0466781513346, 1678.6732437568262, 0.0]], "benchmark_W_std_train_post_withdraw": [[0.0, 70.4630092956903, 86.54094419025722, 148.19421702348822, 198.06576965446035, 188.83639394376561, 187.39772043859833, 225.41495903232408, 242.19491355810757, 296.2136066044879, 386.3305830652059, 462.9104590277687, 608.1155123694092, 611.1039991637568, 630.6758715412775, 681.0255931228047, 622.2964468316331, 604.5796453887929, 780.393908736448, 818.1368268949643, 1180.0408314895712, 1240.9062627980034, 1249.647999218858, 1391.9377926963584, 1569.8479815533801, 1578.06564658865, 1382.4791838417875, 1355.3784159303257, 1623.5997731949685, 1772.1964757790204, 0.0]]}