{"benchmark_W_mean_train": [[1000.0, 996.8747993166022, 993.8498042939713, 990.4096236895681, 987.3819030910824, 984.0579047016032, 980.8784325505438, 977.2951744470852, 973.5685239402682, 969.7141553373689, 965.803372917746, 961.7463355597107, 957.4266946399041, 952.9555553493502, 948.101972141069, 943.2103246552216, 938.2149798537585, 933.0269424989681, 927.6518367570442, 921.7955163383865, 916.3497173958922, 910.0005682320756, 903.9525143616645, 897.5578098671507, 891.0274104556531, 884.0996300658702, 877.1222175255668, 869.3236045700199, 861.8296166473139, 854.0655358025003, 806.3616944417624]], "benchmark_W_std_train": [[0.0, 91.66572201156417, 134.38786862228844, 168.30668272216238, 199.0551966456275, 227.5382903628693, 254.91871855132445, 281.69265292117444, 308.0091339149933, 334.22396873939925, 360.4881436002422, 387.28153791581315, 414.30012325778847, 440.9265061609739, 468.3872247746413, 496.7397449816422, 526.3571485816559, 555.9581872861202, 587.1175300778323, 618.7905256815347, 651.9071537236526, 684.8985749178504, 720.1339419814665, 756.0208951727245, 793.4923418715308, 831.7950707339919, 872.292511232558, 912.3457341736797, 956.1266720320466, 1000.4488253039721, 1045.058782332495]], "benchmark_W_mean_train_post_withdraw": [[960.0, 956.8747993166022, 953.8498042939713, 950.4096236895681, 947.3819030910824, 944.0579047016033, 940.8784325505438, 937.2951744470852, 933.5685239402683, 929.7141553373689, 925.803372917746, 921.7463355597107, 917.4266946399041, 912.9555553493502, 908.101972141069, 903.2103246552216, 898.2149798537586, 893.0269424989682, 887.6518367570442, 881.7955163383865, 876.3497173958922, 870.0005682320756, 863.9525143616645, 857.5578098671507, 851.027410455653, 844.0996300658702, 837.1222175255668, 829.32360457002, 821.8296166473139, 814.0655358025003, 0.0]], "benchmark_W_std_train_post_withdraw": [[0.0, 91.66572201156417, 134.38786862228844, 168.30668272216238, 199.0551966456275, 227.5382903628693, 254.91871855132445, 281.69265292117444, 308.00913391499336, 334.22396873939925, 360.4881436002422, 387.28153791581315, 414.30012325778847, 440.9265061609739, 468.3872247746413, 496.7397449816422, 526.3571485816559, 555.9581872861202, 587.1175300778323, 618.7905256815347, 651.9071537236526, 684.8985749178504, 720.1339419814665, 756.0208951727245, 793.4923418715308, 831.7950707339919, 872.292511232558, 912.3457341736797, 956.1266720320466, 1000.4488253039721, 0.0]]}