{"benchmark_W_mean_train": [[1000.0, 1004.7758431989495, 1011.2264163317943, 1017.8612957140119, 1024.6347227445103, 1032.1645878797206, 1040.6288049139873, 1049.081937440504, 1057.8024452781974, 1066.661594176371, 1076.847116949805, 1086.6711689419515, 1096.7423501465955, 1106.728925414158, 1116.991076214183, 1129.946095723226, 1142.5162220796753, 1155.7731424140247, 1169.2622547312176, 1183.9800125139916, 1199.5643686920798, 1215.1201664762227, 1230.5875593577084, 1249.2895960765454, 1268.5006647616656, 1286.6791370700619, 1307.0442290608823, 1327.8836915832837, 1350.6412799183504, 1375.0914647925317, 1358.850941997781]], "benchmark_W_std_train": [[0.0, 97.83949379344537, 143.4588202702456, 181.1461730256037, 215.48621730544926, 247.57580589488822, 280.28157317399695, 312.8004905805249, 345.5149221759564, 380.2880673908842, 414.4570427781321, 449.4994060260181, 485.2482229506401, 522.8749884561513, 560.3782812536975, 603.1106517233688, 645.5235937488746, 690.1849522128608, 737.7003614337935, 785.9576670916515, 838.0173830990302, 890.8473843152569, 944.9651226791042, 1002.8732666215519, 1064.3735987454654, 1128.546398466876, 1199.0523052509352, 1268.149550635208, 1343.0272545746816, 1422.8927834990689, 1506.8398395789952]], "benchmark_W_mean_train_post_withdraw": [[960.0, 964.7758431989495, 971.2264163317943, 977.8612957140119, 984.6347227445103, 992.1645878797204, 1000.6288049139876, 1009.0819374405038, 1017.8024452781974, 1026.661594176371, 1036.847116949805, 1046.6711689419515, 1056.7423501465955, 1066.728925414158, 1076.991076214183, 1089.946095723226, 1102.5162220796753, 1115.7731424140247, 1129.2622547312176, 1143.9800125139916, 1159.5643686920798, 1175.1201664762227, 1190.5875593577084, 1209.2895960765454, 1228.5006647616656, 1246.6791370700619, 1267.0442290608823, 1287.8836915832837, 1310.6412799183504, 1335.0914647925317, 0.0]], "benchmark_W_std_train_post_withdraw": [[0.0, 97.83949379344537, 143.4588202702456, 181.1461730256037, 215.48621730544926, 247.57580589488822, 280.28157317399695, 312.8004905805249, 345.5149221759564, 380.2880673908842, 414.4570427781321, 449.4994060260181, 485.2482229506401, 522.8749884561513, 560.3782812536975, 603.1106517233688, 645.5235937488746, 690.1849522128608, 737.7003614337935, 785.9576670916515, 838.0173830990302, 890.8473843152569, 944.9651226791042, 1002.8732666215519, 1064.3735987454654, 1128.546398466876, 1199.0523052509352, 1268.149550635208, 1343.0272545746816, 1422.8927834990689, 0.0]]}