{"benchmark_W_mean_train": [[1000.0, 1018.3622959586777, 1037.0236237094289, 1056.7263233274316, 1078.2307761043955, 1100.335713835262, 1124.2091624601076, 1149.7030817843315, 1176.672992726722, 1205.0868521684365, 1235.029276976982, 1267.154554444683, 1301.028706595916, 1336.7091299492577, 1328.7512213027858, 1321.6353023757408, 1314.1850167713962, 1306.4739670280355, 1298.696753823286, 1290.1656330843462, 1281.3561760582293, 1272.8594235179978, 1264.2192707195916, 1255.4920378865334, 1245.9154598755345, 1236.7181362700312, 1227.1500163876847, 1217.0075101919253, 1206.5959004749711, 1196.101578223975, 1145.5145662869302]], "benchmark_W_std_train": [[0.0, 103.9835875370157, 150.7478733757737, 188.60879479609105, 226.2138946669629, 263.18764381879157, 300.3466477396524, 338.3274693358033, 377.6378758195343, 418.45854376599004, 461.4314811164356, 505.90415378394346, 553.0846417679927, 603.1182186763074, 631.9253997997268, 663.7034039716591, 695.4222529906999, 728.068474562655, 760.6605489375195, 792.478088375578, 825.0351234392392, 858.9023460660758, 892.9325441029536, 929.2112922111573, 963.7738483416392, 1000.2639034150882, 1037.451870184041, 1074.1071513068234, 1111.6528986786843, 1150.7414331299199, 1189.9810852826522]], "benchmark_W_mean_train_post_withdraw": [[960.0, 978.3622959586777, 997.0236237094288, 1016.7263233274317, 1038.2307761043953, 1060.335713835262, 1084.2091624601076, 1109.7030817843315, 1136.672992726722, 1165.0868521684365, 1195.029276976982, 1227.154554444683, 1261.028706595916, 1296.7091299492577, 1288.7512213027856, 1281.6353023757408, 1274.1850167713962, 1266.4739670280355, 1258.696753823286, 1250.1656330843462, 1241.3561760582293, 1232.8594235179978, 1224.2192707195916, 1215.4920378865334, 1205.9154598755345, 1196.7181362700312, 1187.1500163876844, 1177.0075101919253, 1166.5959004749711, 1156.101578223975, 0.0]], "benchmark_W_std_train_post_withdraw": [[0.0, 103.9835875370157, 150.7478733757737, 188.60879479609102, 226.2138946669629, 263.18764381879157, 300.3466477396524, 338.3274693358033, 377.6378758195343, 418.45854376599004, 461.4314811164356, 505.90415378394346, 553.0846417679927, 603.1182186763074, 631.9253997997268, 663.7034039716591, 695.4222529906999, 728.068474562655, 760.6605489375195, 792.478088375578, 825.0351234392392, 858.9023460660758, 892.9325441029536, 929.2112922111573, 963.7738483416392, 1000.2639034150882, 1037.451870184041, 1074.1071513068234, 1111.6528986786843, 1150.7414331299199, 0.0]]}