{"benchmark_W_mean_train": [[1000.0, 1026.29954018966, 1054.3531099388183, 1083.7408916886457, 1116.3006053110469, 1150.7315342305496, 1187.794622348685, 1227.2105439947532, 1268.914959074507, 1313.7246906103871, 1362.2279475472485, 1345.259139953404, 1328.697472358744, 1312.1838235539774, 1295.3926731444124, 1278.0597060315479, 1260.6427393001898, 1242.7588384449816, 1224.474520460925, 1205.9140367553505, 1187.0296183404153, 1167.8807656985957, 1148.671832066838, 1128.7220726905646, 1108.9370859190467, 1088.8715587280485, 1068.0288659497626, 1046.3180616738953, 1024.7043140977528, 1002.3757491502066, 940.130933411658]], "benchmark_W_std_train": [[0.0, 158.00054986314876, 235.64629649738973, 301.8021198775085, 368.1790612035349, 434.5914510122712, 503.17273940362537, 576.0973098505434, 650.3993199221977, 731.2801968962041, 819.2245040437808, 841.5727268384962, 866.2432689566864, 890.8231430185342, 917.4572036620922, 943.08043294433, 970.0098259145811, 996.7348782500768, 1023.7919991425093, 1049.7689429780567, 1075.7506506810537, 1103.6786332191593, 1131.9883833302754, 1159.827934782033, 1189.6989124275394, 1220.163990433673, 1248.688169239622, 1277.4621793568679, 1307.298513175326, 1337.3014806184458, 1368.7043869749464]], "benchmark_W_mean_train_post_withdraw": [[960.0, 986.2995401896602, 1014.3531099388182, 1043.7408916886454, 1076.3006053110464, 1110.7315342305496, 1147.794622348685, 1187.2105439947532, 1228.914959074507, 1273.7246906103871, 1322.2279475472485, 1305.2591399534042, 1288.697472358744, 1272.1838235539772, 1255.392673144412, 1238.0597060315479, 1220.64273930019, 1202.7588384449816, 1184.474520460925, 1165.9140367553505, 1147.0296183404153, 1127.8807656985957, 1108.671832066838, 1088.7220726905646, 1068.9370859190467, 1048.8715587280485, 1028.0288659497623, 1006.3180616738952, 984.7043140977528, 962.3757491502066, 0.0]], "benchmark_W_std_train_post_withdraw": [[0.0, 158.00054986314876, 235.6462964973897, 301.8021198775085, 368.1790612035349, 434.5914510122712, 503.17273940362537, 576.0973098505434, 650.3993199221977, 731.2801968962041, 819.2245040437808, 841.5727268384962, 866.2432689566864, 890.8231430185342, 917.4572036620922, 943.08043294433, 970.0098259145811, 996.7348782500768, 1023.7919991425093, 1049.7689429780567, 1075.7506506810537, 1103.6786332191593, 1131.9883833302754, 1159.827934782033, 1189.6989124275394, 1220.163990433673, 1248.688169239622, 1277.4621793568679, 1307.298513175326, 1337.3014806184458, 0.0]]}