{"benchmark_W_mean_train": [[1000.0, 1026.5682085480344, 1055.4534044318186, 1085.3042802114107, 1117.0742611296926, 1151.5319510834543, 1189.1000674174554, 1229.1613809170965, 1271.779127154987, 1317.6549788684117, 1299.4508564499567, 1282.2788755378672, 1264.6629703926696, 1246.418566397679, 1228.3523428516696, 1210.1122014348764, 1191.1800020293147, 1171.7734831956932, 1152.8402298225499, 1133.502027345782, 1113.475468947671, 1093.4125039696196, 1072.5924952033902, 1051.480359487937, 1029.9422473838256, 1007.870468557175, 985.5945859193455, 963.0291761983668, 940.0557910042678, 916.310608444879, 852.2027299204259]], "benchmark_W_std_train": [[0.0, 160.14936851663327, 238.27054299328336, 305.93641881354813, 372.35826338035685, 439.9858176234129, 509.8771419733128, 582.5641800448604, 659.2295289977178, 741.5487850953255, 762.0951716506896, 785.7296061655818, 809.6322063668931, 833.1695600062639, 857.1888586447386, 882.0692463417693, 905.7575091143982, 929.7564579149265, 955.8448871588531, 981.3094946943729, 1007.1297973171638, 1035.1866258642099, 1061.1102461681448, 1086.7718397824642, 1114.0080962024892, 1140.2388215229107, 1169.3865277177026, 1199.274091247848, 1225.3295038524666, 1253.5528390192094, 1281.1569281748878]], "benchmark_W_mean_train_post_withdraw": [[960.0, 986.5682085480345, 1015.4534044318185, 1045.3042802114107, 1077.0742611296926, 1111.5319510834543, 1149.1000674174552, 1189.1613809170965, 1231.779127154987, 1277.6549788684117, 1259.4508564499567, 1242.2788755378672, 1224.6629703926696, 1206.4185663976791, 1188.3523428516696, 1170.1122014348766, 1151.180002029315, 1131.7734831956932, 1112.8402298225499, 1093.502027345782, 1073.4754689476713, 1053.4125039696196, 1032.5924952033904, 1011.4803594879372, 989.9422473838256, 967.870468557175, 945.5945859193455, 923.0291761983668, 900.0557910042677, 876.310608444879, 0.0]], "benchmark_W_std_train_post_withdraw": [[0.0, 160.14936851663327, 238.27054299328336, 305.93641881354813, 372.35826338035685, 439.9858176234129, 509.8771419733128, 582.5641800448604, 659.2295289977178, 741.5487850953255, 762.0951716506896, 785.7296061655818, 809.6322063668931, 833.1695600062639, 857.1888586447386, 882.0692463417693, 905.7575091143982, 929.7564579149265, 955.8448871588531, 981.3094946943729, 1007.1297973171638, 1035.1866258642099, 1061.1102461681448, 1086.7718397824642, 1114.0080962024892, 1140.2388215229107, 1169.3865277177026, 1199.274091247848, 1225.3295038524666, 1253.5528390192094, 0.0]]}