{"benchmark_W_mean_train": [[1000.0, 1024.0180699594152, 1053.7910587025253, 1080.9229641689315, 1111.285942279276, 1146.2647137750691, 1183.215088074337, 1216.119077606057, 1258.6073827598284, 1309.6964682434407, 1360.24849984184, 1411.3496178299415, 1396.4385314715341, 1382.1756919578409, 1365.7630219553462, 1348.606754172668, 1330.887814294354, 1314.7090143368682, 1294.2868530982955, 1280.0083353640316, 1264.4223852727068, 1243.948116909376, 1229.6123404868727, 1214.53232349222, 1195.8349748141345, 1176.6631421240304, 1158.2054503052532, 1136.0769161537805, 1114.736410462006, 1096.0143549271077, 1034.5770662103473]], "benchmark_W_std_train": [[0.0, 153.71879016782714, 229.87446322016166, 292.8392360355553, 347.3395512325935, 412.0129433448777, 477.9949325532098, 540.2336416739064, 620.5259647398937, 713.3769644585559, 824.9227533548354, 916.7309531672717, 943.0891120917496, 966.6464950547677, 991.2313003047026, 1012.47522629128, 1036.6602137335974, 1075.5932863558696, 1092.953160471254, 1120.2526940613818, 1157.3180541456904, 1171.1652661830333, 1209.146101412282, 1234.7497969523235, 1260.535705837549, 1286.40550774742, 1319.2379188608545, 1341.6672776596606, 1369.91009385844, 1406.2880063097548, 1426.2632971028254]], "benchmark_W_mean_train_post_withdraw": [[960.0, 984.0180699594154, 1013.7910587025253, 1040.9229641689315, 1071.285942279276, 1106.2647137750691, 1143.215088074337, 1176.119077606057, 1218.6073827598284, 1269.6964682434407, 1320.24849984184, 1371.3496178299415, 1356.4385314715341, 1342.1756919578409, 1325.7630219553462, 1308.606754172668, 1290.887814294354, 1274.7090143368682, 1254.2868530982955, 1240.0083353640316, 1224.4223852727068, 1203.948116909376, 1189.6123404868727, 1174.53232349222, 1155.8349748141345, 1136.6631421240304, 1118.2054503052532, 1096.0769161537805, 1074.736410462006, 1056.0143549271077, 0.0]], "benchmark_W_std_train_post_withdraw": [[0.0, 153.71879016782714, 229.87446322016166, 292.8392360355553, 347.3395512325935, 412.0129433448777, 477.9949325532098, 540.2336416739064, 620.5259647398937, 713.3769644585559, 824.9227533548354, 916.7309531672717, 943.0891120917496, 966.6464950547677, 991.2313003047026, 1012.47522629128, 1036.6602137335974, 1075.5932863558696, 1092.953160471254, 1120.2526940613818, 1157.3180541456904, 1171.1652661830333, 1209.146101412282, 1234.7497969523235, 1260.535705837549, 1286.40550774742, 1319.2379188608545, 1341.6672776596606, 1369.91009385844, 1406.2880063097548, 0.0]]}