{"benchmark_W_mean_train": [[1000.0, 996.2189001145666, 993.249653952696, 990.2068127795405, 986.7398484574229, 983.4706636847436, 980.4296711157463, 977.2561310764722, 973.7825562876677, 969.8693622963328, 966.7564198563476, 962.5006226596494, 958.0153663771006, 953.0963450388048, 947.8974351748127, 943.687536367262, 938.5587132423468, 933.4754747901497, 928.1646422531398, 923.0663294847467, 917.8527104222478, 911.5046558183498, 904.6379835308222, 898.8583903370708, 893.0822325724188, 885.6805245508428, 878.9515214200394, 871.1719901022772, 863.7687043351102, 856.8281962912921, 808.2860932923246]], "benchmark_W_std_train": [[0.0, 83.24835394150374, 122.07602961857282, 153.32721333393124, 180.4568012253597, 205.38932274020536, 230.33705944789472, 254.70342569730877, 279.16737352547426, 304.4580227720995, 328.8423307043494, 352.27610286834357, 376.5364298620237, 401.37156843883406, 425.6135330560593, 452.8977179596548, 479.1451599118091, 506.2237688268177, 534.6574950115804, 563.6288850601023, 595.1144493241828, 624.76377538281, 655.6869360867138, 687.6893809439051, 722.4585893816235, 758.2753657259378, 796.7717279000518, 833.6756433124106, 871.8095885377165, 914.2125773167802, 956.183192915796]], "benchmark_W_mean_train_post_withdraw": [[960.0, 956.2189001145666, 953.249653952696, 950.2068127795405, 946.7398484574229, 943.4706636847436, 940.4296711157463, 937.2561310764722, 933.7825562876677, 929.8693622963328, 926.7564198563476, 922.5006226596494, 918.0153663771006, 913.0963450388045, 907.8974351748127, 903.687536367262, 898.5587132423468, 893.4754747901497, 888.1646422531398, 883.0663294847467, 877.8527104222478, 871.5046558183498, 864.6379835308222, 858.8583903370708, 853.0822325724189, 845.6805245508428, 838.9515214200394, 831.1719901022772, 823.7687043351102, 816.8281962912921, 0.0]], "benchmark_W_std_train_post_withdraw": [[0.0, 83.24835394150374, 122.07602961857282, 153.32721333393124, 180.4568012253597, 205.38932274020536, 230.33705944789472, 254.70342569730877, 279.16737352547426, 304.4580227720995, 328.8423307043494, 352.27610286834357, 376.5364298620237, 401.37156843883406, 425.6135330560593, 452.8977179596548, 479.1451599118091, 506.2237688268177, 534.6574950115804, 563.6288850601023, 595.1144493241828, 624.76377538281, 655.6869360867138, 687.6893809439051, 722.4585893816236, 758.2753657259378, 796.7717279000518, 833.6756433124106, 871.8095885377165, 914.2125773167802, 0.0]]}