{"benchmark_W_mean_train": [[1000.0, 1014.5805938029345, 1029.7819707699057, 1045.996926230097, 1062.5525259695835, 1080.9211818953904, 1100.2851108176183, 1120.3928517374961, 1141.6831278041623, 1164.077082243882, 1188.089862823883, 1213.2852591712303, 1239.9494362108437, 1322.6781662139122, 1412.637667131551, 1510.559499463245, 1619.8782764597509, 1739.5638714344905, 1871.7599168038869, 2016.6924600967316, 2177.141163958908, 2354.4001297889795, 2548.275526813848, 2762.632122906952, 2997.6597892643176, 3257.5119873233352, 3541.3803584240836, 3852.929649671102, 4199.081207870112, 4583.084862630549, 4967.027961772471]], "benchmark_W_std_train": [[0.0, 100.24352650042292, 148.48888736799572, 189.4659013086662, 227.8132951626767, 265.2816834178316, 302.7653083200317, 340.31120681760467, 378.8101944217735, 419.2823435945023, 461.32496328259566, 505.45130191316144, 551.4356340157989, 654.4168980582804, 765.2650715010317, 887.3555723381554, 1025.363465168979, 1178.9047470640278, 1350.4907743867866, 1542.7839568156053, 1759.9171805854874, 2000.828693567311, 2265.0189486910917, 2571.2183792117803, 2909.303182350285, 3291.5101147482656, 3707.6300676970723, 4184.480848944936, 4723.218118915994, 5330.676571608476, 6025.1967408568635]], "benchmark_W_mean_train_post_withdraw": [[960.0, 974.5805938029343, 989.7819707699056, 1005.9969262300971, 1022.5525259695835, 1040.9211818953906, 1060.2851108176185, 1080.3928517374961, 1101.683127804162, 1124.077082243882, 1148.089862823883, 1173.2852591712303, 1199.9494362108437, 1282.6781662139122, 1372.637667131551, 1470.5594994632447, 1579.8782764597509, 1699.5638714344905, 1831.7599168038869, 1976.6924600967316, 2137.141163958908, 2314.40012978898, 2508.2755268138476, 2722.632122906952, 2957.6597892643176, 3217.5119873233352, 3501.3803584240836, 3812.929649671102, 4159.081207870112, 4543.084862630549, 0.0]], "benchmark_W_std_train_post_withdraw": [[0.0, 100.24352650042292, 148.48888736799572, 189.4659013086662, 227.8132951626767, 265.2816834178316, 302.7653083200317, 340.31120681760467, 378.8101944217735, 419.2823435945023, 461.32496328259566, 505.45130191316144, 551.4356340157989, 654.4168980582804, 765.2650715010317, 887.3555723381555, 1025.363465168979, 1178.9047470640278, 1350.4907743867866, 1542.7839568156053, 1759.9171805854874, 2000.828693567311, 2265.0189486910917, 2571.2183792117803, 2909.303182350285, 3291.5101147482656, 3707.6300676970723, 4184.480848944936, 4723.218118915994, 5330.676571608476, 0.0]]}