{"benchmark_W_mean_train": [[1000.0, 1000.9644458422549, 1002.1084066162009, 1003.2076393178686, 1004.1448814400624, 1005.1151287133299, 1005.946968539191, 1007.3414571382807, 1008.640717176075, 1010.0741551311629, 1011.4227393715378, 1012.9356711292775, 1014.2905111053303, 1015.6608287372816, 1017.2331827989353, 1019.0993129664448, 1020.8943603429746, 1022.9013664765597, 1024.6222601312684, 1026.675000989608, 1028.7701697780285, 1030.9779260594185, 1033.704049306191, 1035.915949940815, 1038.5804317329028, 1041.2762984413475, 1044.2564953184394, 1047.1145561260796, 1050.0126187037276, 1052.9732771879287, 1016.6696062978402]], "benchmark_W_std_train": [[0.0, 81.41925318625746, 118.0355821648899, 148.39506605539486, 175.1892077807354, 200.70208793208792, 225.0797000338703, 249.62329259568997, 273.86715889718437, 298.3167138264979, 323.0554055236206, 348.020302413941, 373.47716790491, 399.07994583597076, 425.3396001311324, 452.71628110695366, 480.99689238732805, 510.57009384166065, 540.1389383690827, 571.3517761832408, 603.7606400500371, 637.3916990582685, 672.9285373692917, 708.4423638605156, 746.2332718766836, 784.8724132281759, 825.7551652428009, 867.1846319469037, 910.7089470039392, 956.1872771804068, 1004.2959869196175]], "benchmark_W_mean_train_post_withdraw": [[960.0, 960.9644458422549, 962.1084066162009, 963.2076393178686, 964.1448814400624, 965.1151287133299, 965.946968539191, 967.3414571382806, 968.6407171760751, 970.0741551311629, 971.4227393715378, 972.9356711292775, 974.2905111053303, 975.6608287372816, 977.2331827989353, 979.0993129664448, 980.8943603429746, 982.9013664765598, 984.6222601312683, 986.675000989608, 988.7701697780285, 990.9779260594182, 993.7040493061912, 995.915949940815, 998.5804317329026, 1001.2762984413476, 1004.2564953184393, 1007.1145561260795, 1010.0126187037276, 1012.9732771879289, 0.0]], "benchmark_W_std_train_post_withdraw": [[0.0, 81.41925318625746, 118.0355821648899, 148.39506605539486, 175.1892077807354, 200.70208793208792, 225.0797000338703, 249.62329259568997, 273.86715889718437, 298.3167138264979, 323.0554055236206, 348.020302413941, 373.47716790491, 399.07994583597076, 425.3396001311324, 452.71628110695366, 480.99689238732805, 510.57009384166065, 540.1389383690827, 571.3517761832408, 603.7606400500371, 637.3916990582685, 672.9285373692917, 708.4423638605156, 746.2332718766836, 784.8724132281759, 825.7551652428009, 867.1846319469036, 910.7089470039392, 956.1872771804069, 0.0]]}